"";"Time";"exp";"insp";"idx"
"1";1163,33;0;1;2
"2";1165,18;1;0;39
"3";1167,43;0;1;84
"4";1168,43;1;0;104
"5";1169,33;0;1;122
"6";1170,53;1;0;146
"7";1171,53;0;1;166
"8";1172,88;1;0;193
"9";1174,48;0;1;225
"10";1174,68;1;0;229
"11";1175,83;0;1;252
"12";1176,68;1;0;269
"13";1178,03;0;1;296
"14";1178,93;1;0;314
"15";1180,43;0;1;344
"16";1181,03;1;0;356
"17";1181,93;0;1;374
"18";1182,98;1;0;395
"19";1184,53;0;1;426
"20";1185,78;1;0;451
"21";1188,18;0;1;499
"22";1189,03;1;0;516
"23";1190,58;0;1;547
"24";1191,38;1;0;563
"25";1192,58;0;1;587
"26";1193,48;1;0;605
"27";1195,18;0;1;639
"28";1196,18;1;0;659
"29";1198,23;0;1;700
"30";1198,98;1;0;715
"31";1200,08;0;1;737
"32";1200,88;1;0;753
"33";1202,03;0;1;776
"34";1202,93;1;0;794
"35";1204,13;0;1;818
"36";1205,23;1;0;840
"37";1206,58;0;1;867
"38";1207,63;1;0;888
"39";1208,73;0;1;910
"40";1209,68;1;0;929
"41";1210,88;0;1;953
"42";1211,83;1;0;972
"43";1213,03;0;1;996
"44";1213,88;1;0;1013
"45";1215,03;0;1;1036
"46";1215,83;1;0;1052
"47";1216,93;0;1;1074
"48";1217,83;1;0;1092
"49";1218,88;0;1;1113
"50";1219,73;1;0;1130
"51";1220,68;0;1;1149
"52";1221,48;1;0;1165
"53";1222,68;0;1;1189
"54";1223,58;1;0;1207
"55";1224,73;0;1;1230
"56";1225,63;1;0;1248
"57";1226,53;0;1;1266
"58";1227,43;1;0;1284
"59";1228,63;0;1;1308
"60";1229,58;1;0;1327
"61";1230,63;0;1;1348
"62";1231,83;1;0;1372
"63";1233,08;0;1;1397
"64";1235,18;1;0;1439
"65";1238,18;0;1;1499
"66";1240,08;1;0;1537
"67";1241,38;0;1;1563
"68";1242,18;1;0;1579
"69";1242,98;0;1;1595
"70";1243,93;1;0;1614
"71";1245,28;0;1;1641
"72";1246,18;1;0;1659
"73";1247,28;0;1;1681
"74";1248,18;1;0;1699
"75";1249,28;0;1;1721
"76";1250,18;1;0;1739
"77";1251,33;0;1;1762
"78";1252,23;1;0;1780
"79";1253,33;0;1;1802
"80";1254,23;1;0;1820
"81";1255,28;0;1;1841
"82";1256,23;1;0;1860
"83";1257,33;0;1;1882
"84";1258,13;1;0;1898
"85";1259,08;0;1;1917
"86";1259,73;1;0;1930
"87";1260,48;0;1;1945
"88";1261,28;1;0;1961
"89";1262,18;0;1;1979
"90";1263,03;1;0;1996
"91";1263,93;0;1;2014
"92";1264,68;1;0;2029
"93";1265,63;0;1;2048
"94";1266,18;1;0;2059
"95";1267,08;0;1;2077
"96";1267,88;1;0;2093
"97";1268,88;0;1;2113
"98";1269,68;1;0;2129
"99";1270,68;0;1;2149
"100";1271,43;1;0;2164
"101";1272,28;0;1;2181
"102";1272,98;1;0;2195
"103";1273,83;0;1;2212
"104";1274,53;1;0;2226
"105";1275,43;0;1;2244
"106";1276,23;1;0;2260
"107";1277,08;0;1;2277
"108";1277,93;1;0;2294
"109";1278,78;0;1;2311
"110";1279,58;1;0;2327
"111";1280,43;0;1;2344
"112";1281,23;1;0;2360
"113";1282,08;0;1;2377
"114";1282,83;1;0;2392
"115";1283,73;0;1;2410
"116";1284,58;1;0;2427
"117";1285,53;0;1;2446
"118";1286,33;1;0;2462
"119";1287,18;0;1;2479
"120";1287,98;1;0;2495
"121";1288,73;0;1;2510
"122";1289,68;1;0;2529
"123";1290,78;0;1;2551
"124";1291,78;1;0;2571
"125";1292,78;0;1;2591
"126";1293,93;1;0;2614
"127";1294,93;0;1;2634
"128";1296,03;1;0;2656
"129";1297,18;0;1;2679
"130";1298,18;1;0;2699
"131";1299,23;0;1;2720
"132";1299,88;1;0;2733
"133";1300,38;0;1;2743
"134";1301,33;1;0;2762
"135";1302,48;0;1;2785
"136";1303,33;1;0;2802
"137";1304,43;0;1;2824
"138";1305,48;1;0;2845
"139";1306,63;0;1;2868
"140";1307,68;1;0;2889
"141";1308,93;0;1;2914
"142";1309,98;1;0;2935
"143";1311,08;0;1;2957
"144";1312,03;1;0;2976
"145";1313,13;0;1;2998
"146";1314,13;1;0;3018
"147";1315,28;0;1;3041
"148";1316,38;1;0;3063
"149";1317,63;0;1;3088
"150";1319,13;1;0;3118
"151";1320,58;0;1;3147
"152";1321,73;1;0;3170
"153";1322,98;0;1;3195
"154";1323,83;1;0;3212
"155";1324,83;0;1;3232
"156";1325,93;1;0;3254
"157";1327,03;0;1;3276
"158";1328,08;1;0;3297
"159";1329,18;0;1;3319
"160";1330,23;1;0;3340
"161";1331,33;0;1;3362
"162";1332,43;1;0;3384
"163";1333,53;0;1;3406
"164";1334,63;1;0;3428
"165";1335,83;0;1;3452
"166";1336,83;1;0;3472
"167";1337,83;0;1;3492
"168";1338,93;1;0;3514
"169";1340,03;0;1;3536
"170";1341,18;1;0;3559
"171";1342,33;0;1;3582
"172";1343,38;1;0;3603
"173";1344,53;0;1;3626
"174";1345,58;1;0;3647
"175";1346,53;0;1;3666
"176";1347,68;1;0;3689
"177";1348,88;0;1;3713
"178";1349,78;1;0;3731
"179";1350,88;0;1;3753
"180";1352,28;1;0;3781
"181";1353,48;0;1;3805
"182";1354,48;1;0;3825
"183";1355,63;0;1;3848
"184";1356,78;1;0;3871
"185";1357,93;0;1;3894
"186";1359,03;1;0;3916
"187";1360,13;0;1;3938
"188";1361,18;1;0;3959
"189";1362,28;0;1;3981
"190";1363,43;1;0;4004
"191";1364,43;0;1;4024
"192";1365,48;1;0;4045
"193";1366,53;0;1;4066
"194";1367,78;1;0;4091
"195";1368,93;0;1;4114
"196";1370,18;1;0;4139
"197";1371,33;0;1;4162
"198";1372,38;1;0;4183
"199";1373,58;0;1;4207
"200";1374,58;1;0;4227
"201";1375,68;0;1;4249
"202";1376,43;1;0;4264
"203";1377,38;0;1;4283
"204";1378,13;1;0;4298
"205";1378,83;0;1;4312
"206";1379,53;1;0;4326
"207";1380,38;0;1;4343
"208";1381,53;1;0;4366
"209";1382,78;0;1;4391
"210";1383,83;1;0;4412
"211";1384,98;0;1;4435
"212";1386,13;1;0;4458
"213";1387,33;0;1;4482
"214";1388,38;1;0;4503
"215";1389,43;0;1;4524
"216";1390,63;1;0;4548
"217";1391,78;0;1;4571
"218";1392,98;1;0;4595
"219";1394,18;0;1;4619
"220";1395,28;1;0;4641
"221";1396,33;0;1;4662
"222";1397,43;1;0;4684
"223";1398,53;0;1;4706
"224";1399,68;1;0;4729
"225";1400,78;0;1;4751
"226";1401,63;1;0;4768
"227";1402,53;0;1;4786
"228";1404,03;1;0;4816
"229";1405,63;0;1;4848
"230";1406,68;1;0;4869
"231";1407,63;0;1;4888
"232";1408,83;1;0;4912
"233";1410,08;0;1;4937
"234";1410,78;1;0;4951
"235";1411,68;0;1;4969
"236";1412,23;1;0;4980
"237";1412,83;0;1;4992
"238";1413,38;1;0;5003
"239";1414,13;0;1;5018
"240";1415,53;1;0;5046
"241";1416,73;0;1;5070
"242";1417,83;1;0;5092
"243";1418,93;0;1;5114
"244";1420,08;1;0;5137
"245";1421,23;0;1;5160
"246";1422,18;1;0;5179
"247";1423,18;0;1;5199
"248";1424,33;1;0;5222
"249";1425,53;0;1;5246
"250";1426,68;1;0;5269
"251";1427,88;0;1;5293
"252";1428,98;1;0;5315
"253";1430,03;0;1;5336
"254";1431,28;1;0;5361
"255";1432,48;0;1;5385
"256";1433,53;1;0;5406
"257";1434,68;0;1;5429
"258";1435,98;1;0;5455
"259";1437,28;0;1;5481
"260";1438,18;1;0;5499
"261";1439,23;0;1;5520
"262";1440,48;1;0;5545
"263";1441,73;0;1;5570
"264";1442,58;1;0;5587
"265";1443,38;0;1;5603
"266";1444,08;1;0;5617
"267";1444,78;0;1;5631
"268";1445,88;1;0;5653
"269";1446,88;0;1;5673
"270";1447,58;1;0;5687
"271";1448,43;0;1;5704
"272";1448,93;1;0;5714
"273";1449,43;0;1;5724
"274";1450,33;1;0;5742
"275";1451,38;0;1;5763
"276";1452,38;1;0;5783
"277";1453,48;0;1;5805
"278";1454,18;1;0;5819
"279";1455,08;0;1;5837
"280";1455,93;1;0;5854
"281";1456,93;0;1;5874
"282";1457,78;1;0;5891
"283";1458,63;0;1;5908
"284";1459,78;1;0;5931
"285";1461,03;0;1;5956
"286";1461,93;1;0;5974
"287";1463,23;0;1;6000
"288";1464,38;1;0;6023
"289";1465,68;0;1;6049
"290";1466,93;1;0;6074
"291";1468,28;0;1;6101
"292";1469,38;1;0;6123
"293";1471,13;0;1;6158
"294";1473,13;1;0;6198
"295";1475,13;0;1;6238
"296";1477,03;1;0;6276
"297";1478,63;0;1;6308
"298";1480,18;1;0;6339
"299";1481,98;0;1;6375
"300";1483,68;1;0;6409
"301";1485,38;0;1;6443
"302";1486,93;1;0;6474
"303";1488,33;0;1;6502
"304";1489,73;1;0;6530
"305";1491,03;0;1;6556
"306";1492,13;1;0;6578
"307";1493,23;0;1;6600
"308";1494,03;1;0;6616
"309";1495,13;0;1;6638
"310";1496,18;1;0;6659
"311";1497,73;0;1;6690
"312";1499,03;1;0;6716
"313";1500,48;0;1;6745
"314";1501,78;1;0;6771
"315";1502,98;0;1;6795
"316";1504,08;1;0;6817
"317";1505,18;0;1;6839
"318";1506,48;1;0;6865
"319";1508,13;0;1;6898
"320";1509,38;1;0;6923
"321";1510,88;0;1;6953
"322";1512,18;1;0;6979
"323";1513,18;0;1;6999
"324";1514,33;1;0;7022
"325";1515,68;0;1;7049
"326";1517,13;1;0;7078
"327";1518,78;0;1;7111
"328";1520,23;1;0;7140
"329";1521,73;0;1;7170
"330";1522,98;1;0;7195
"331";1524,23;0;1;7220
"332";1525,53;1;0;7246
"333";1527,43;0;1;7284
"334";1528,83;1;0;7312
"335";1530,28;0;1;7341
"336";1531,13;1;0;7358
"337";1531,73;0;1;7370
"338";1532,33;1;0;7382
"339";1532,98;0;1;7395
"340";1533,68;1;0;7409
"341";1534,38;0;1;7423
"342";1535,63;1;0;7448
"343";1537,03;0;1;7476
"344";1537,68;1;0;7489
"345";1538,28;0;1;7501
"346";1539,63;1;0;7528
"347";1541,08;0;1;7557
"348";1541,73;1;0;7570
"349";1542,63;0;1;7588
"350";1543,98;1;0;7615
"351";1545,38;0;1;7643
"352";1546,48;1;0;7665
"353";1547,68;0;1;7689
"354";1548,78;1;0;7711
"355";1549,93;0;1;7734
"356";1551,18;1;0;7759
"357";1552,48;0;1;7785
"358";1553,23;1;0;7800
"359";1553,83;0;1;7812
"360";1554,78;1;0;7831
"361";1556,48;0;1;7865
"362";1558,13;1;0;7898
"363";1560,08;0;1;7937
"364";1561,28;1;0;7961
"365";1562,18;0;1;7979
"366";1563,28;1;0;8001
"367";1564,28;0;1;8021
"368";1565,33;1;0;8042
"369";1566,48;0;1;8065
"370";1567,63;1;0;8088
"371";1569,43;0;1;8124
"372";1571,18;1;0;8159
"373";1572,58;0;1;8187
"374";1573,63;1;0;8208
"375";1574,48;0;1;8225
"376";1575,38;1;0;8243
"377";1576,23;0;1;8260
"378";1576,98;1;0;8275
"379";1578,03;0;1;8296
"380";1578,83;1;0;8312
"381";1579,78;0;1;8331
"382";1581,18;1;0;8359
"383";1582,53;0;1;8386
"384";1583,93;1;0;8414
"385";1585,03;0;1;8436
"386";1586,13;1;0;8458
"387";1587,18;0;1;8479
"388";1587,78;1;0;8491
"389";1588,48;0;1;8505
"390";1589,13;1;0;8518
"391";1589,88;0;1;8533
"392";1590,83;1;0;8552
"393";1591,88;0;1;8573
"394";1592,63;1;0;8588
"395";1593,48;0;1;8605
"396";1594,53;1;0;8626
"397";1595,98;0;1;8655
"398";1597,43;1;0;8684
"399";1599,03;0;1;8716
"400";1599,53;1;0;8726
"401";1599,78;0;1;8731
"402";1600,88;1;0;8753
"403";1601,98;0;1;8775
"404";1602,83;1;0;8792
"405";1603,68;0;1;8809
"406";1604,38;1;0;8823
"407";1605,28;0;1;8841
"408";1606,58;1;0;8867
"409";1608,43;0;1;8904
"410";1609,83;1;0;8932
"411";1611,13;0;1;8958
"412";1612,68;1;0;8989
"413";1614,13;0;1;9018
"414";1614,88;1;0;9033
"415";1615,53;0;1;9046
"416";1616,33;1;0;9062
"417";1617,13;0;1;9078
"418";1618,03;1;0;9096
"419";1618,83;0;1;9112
"420";1619,63;1;0;9128
"421";1620,28;0;1;9141
"422";1621,18;1;0;9159
"423";1623,23;0;1;9200
"424";1623,83;1;0;9212
"425";1625,58;0;1;9247
"426";1626,33;1;0;9262
"427";1627,63;0;1;9288
"428";1628,43;1;0;9304
"429";1629,68;0;1;9329
"430";1630,43;1;0;9344
"431";1631,83;0;1;9372
"432";1632,53;1;0;9386
"433";1633,73;0;1;9410
"434";1634,58;1;0;9427
"435";1635,23;0;1;9440
"436";1635,93;1;0;9454
"437";1637,08;0;1;9477
"438";1637,98;1;0;9495
"439";1639,48;0;1;9525
"440";1640,28;1;0;9541
"441";1641,43;0;1;9564
"442";1642,38;1;0;9583
"443";1643,58;0;1;9607
"444";1644,63;1;0;9628
"445";1645,68;0;1;9649
"446";1646,73;1;0;9670
"447";1646,88;0;1;9673
"448";1647,18;1;0;9679
"449";1648,53;0;1;9706
"450";1649,48;1;0;9725
"451";1650,58;0;1;9747
"452";1651,43;1;0;9764
"453";1652,43;0;1;9784
"454";1653,08;1;0;9797
"455";1653,88;0;1;9813
"456";1654,63;1;0;9828
"457";1655,53;0;1;9846
"458";1656,18;1;0;9859
"459";1657,28;0;1;9881
"460";1657,98;1;0;9895
"461";1658,73;0;1;9910
"462";1659,43;1;0;9924
"463";1660,23;0;1;9940
"464";1660,93;1;0;9954
"465";1662,13;0;1;9978
"466";1663,48;1;0;10005
"467";1665,28;0;1;10041
"468";1666,33;1;0;10062
"469";1667,73;0;1;10090
"470";1668,88;1;0;10113
"471";1670,13;0;1;10138
"472";1670,93;1;0;10154
"473";1671,88;0;1;10173
"474";1673,48;1;0;10205
"475";1675,28;0;1;10241
"476";1676,13;1;0;10258
"477";1677,08;0;1;10277
"478";1677,93;1;0;10294
"479";1678,58;0;1;10307
"480";1679,33;1;0;10322
"481";1680,58;0;1;10347
"482";1681,58;1;0;10367
"483";1682,88;0;1;10393
"484";1683,83;1;0;10412
"485";1686,33;0;1;10462
"486";1686,98;1;0;10475
"487";1688,18;0;1;10499
"488";1688,88;1;0;10513
"489";1689,73;0;1;10530
"490";1690,48;1;0;10545
"491";1691,28;0;1;10561
"492";1691,93;1;0;10574
"493";1692,98;0;1;10595
"494";1693,73;1;0;10610
"495";1694,78;0;1;10631
"496";1695,63;1;0;10648
"497";1696,68;0;1;10669
"498";1697,43;1;0;10684
"499";1698,33;0;1;10702
"500";1698,98;1;0;10715
"501";1700,08;0;1;10737
"502";1700,73;1;0;10750
"503";1701,98;0;1;10775
"504";1702,78;1;0;10791
"505";1703,78;0;1;10811
"506";1704,38;1;0;10823
"507";1705,18;0;1;10839
"508";1705,63;1;0;10848
"509";1705,93;0;1;10854
"510";1706,43;1;0;10864
"511";1707,03;0;1;10876
"512";1707,58;1;0;10887
"513";1709,33;0;1;10922
"514";1709,93;1;0;10934
"515";1711,18;0;1;10959
"516";1711,83;1;0;10972
"517";1712,93;0;1;10994
"518";1713,68;1;0;11009
"519";1714,78;0;1;11031
"520";1716,13;1;0;11058
"521";1717,88;0;1;11093
"522";1718,88;1;0;11113
"523";1720,23;0;1;11140
"524";1721,53;1;0;11166
"525";1722,98;0;1;11195
"526";1723,78;1;0;11211
"527";1724,93;0;1;11234
"528";1725,68;1;0;11249
"529";1726,63;0;1;11268
"530";1727,43;1;0;11284
"531";1728,43;0;1;11304
"532";1729,13;1;0;11318
"533";1730,18;0;1;11339
"534";1730,83;1;0;11352
"535";1731,78;0;1;11371
"536";1732,53;1;0;11386
"537";1733,58;0;1;11407
"538";1734,33;1;0;11422
"539";1736,48;0;1;11465
"540";1737,43;1;0;11484
"541";1738,73;0;1;11510
"542";1739,53;1;0;11526
"543";1740,63;0;1;11548
"544";1741,68;1;0;11569
"545";1742,88;0;1;11593
"546";1744,08;1;0;11617
"547";1745,68;0;1;11649
"548";1746,93;1;0;11674
"549";1748,83;0;1;11712
"550";1749,63;1;0;11728
"551";1750,63;0;1;11748
"552";1751,28;1;0;11761
"553";1752,13;0;1;11778
"554";1752,88;1;0;11793
"555";1753,93;0;1;11814
"556";1754,68;1;0;11829
"557";1755,83;0;1;11852
"558";1756,48;1;0;11865
"559";1757,43;0;1;11884
"560";1757,88;1;0;11893
"561";1758,28;0;1;11901
"562";1758,88;1;0;11913
"563";1760,13;0;1;11938
"564";1760,88;1;0;11953
"565";1761,93;0;1;11974
"566";1762,83;1;0;11992
"567";1763,98;0;1;12015
"568";1764,73;1;0;12030
"569";1766,23;0;1;12060
"570";1767,03;1;0;12076
"571";1768,13;0;1;12098
"572";1768,73;1;0;12110
"573";1769,53;0;1;12126
"574";1770,38;1;0;12143
"575";1771,43;0;1;12164
"576";1772,23;1;0;12180
"577";1772,83;0;1;12192
"578";1772,98;1;0;12195
"579";1774,08;0;1;12217
"580";1774,78;1;0;12231
"581";1775,93;0;1;12254
"582";1776,68;1;0;12269
"583";1777,63;0;1;12288
"584";1778,03;1;0;12296
"585";1778,73;0;1;12310
"586";1779,43;1;0;12324
"587";1780,33;0;1;12342
"588";1781,23;1;0;12360
"589";1782,43;0;1;12384
"590";1783,13;1;0;12398
"591";1783,98;0;1;12415
"592";1784,43;1;0;12424
"593";1784,98;0;1;12435
"594";1785,78;1;0;12451
"595";1786,93;0;1;12474
"596";1787,63;1;0;12488
"597";1788,83;0;1;12512
"598";1789,63;1;0;12528
"599";1790,43;0;1;12544
"600";1793,23;1;0;12600
"601";1793,58;0;1;12607
"602";1793,93;1;0;12614
"603";1796,23;0;1;12660
"604";1796,73;1;0;12670
"605";1797,13;0;1;12678
"606";1798,03;1;0;12696
"607";1798,38;0;1;12703
"608";1798,78;1;0;12711
"609";1803,23;0;1;12800
"610";1803,78;1;0;12811
"611";1804,38;0;1;12823
"612";1805,18;1;0;12839
"613";1805,98;0;1;12855
"614";1809,18;1;0;12919
"615";1809,53;0;1;12926
"616";1809,88;1;0;12933
"617";1812,33;0;1;12982
"618";1815,58;1;0;13047
"619";1815,98;0;1;13055
"620";1816,28;1;0;13061
"621";1818,58;0;1;13107
"622";1822,08;1;0;13177
"623";1822,43;0;1;13184
"624";1822,78;1;0;13191
"625";1826,13;0;1;13258
"626";1826,33;1;0;13262
"627";1826,48;0;1;13265
"628";1828,28;1;0;13301
"629";1828,43;0;1;13304
"630";1829,38;1;0;13323
"631";1831,73;0;1;13370
"632";1832,03;1;0;13376
"633";1832,93;0;1;13394
"634";1833,83;1;0;13412
"635";1835,78;0;1;13451
"636";1836,63;1;0;13468
"637";1837,78;0;1;13491
"638";1838,98;1;0;13515
"639";1840,68;0;1;13549
"640";1842,48;1;0;13585
"641";1844,83;0;1;13632
"642";1847,53;1;0;13686
"643";1850,73;0;1;13750
"644";1853,48;1;0;13805
"645";1857,18;0;1;13879
"646";1860,28;1;0;13941
"647";1863,73;0;1;14010
"648";1867,23;1;0;14080
"649";1871,68;0;1;14169
"650";1875,53;1;0;14246
"651";1877,73;0;1;14290
"652";1880,68;1;0;14349
"653";1884,23;0;1;14420
"654";1887,08;1;0;14477
"655";1890,33;0;1;14542
"656";1893,68;1;0;14609
"657";1896,73;0;1;14670
"658";1897,08;1;0;14677
"659";1897,43;0;1;14684
"660";1897,78;1;0;14691
"661";1898,13;0;1;14698
"662";1900,58;1;0;14747
"663";1904,03;0;1;14816
"664";1906,68;1;0;14869
"665";1909,33;0;1;14922
"666";1910,03;1;0;14936
"667";1910,63;0;1;14948
"668";1911,83;1;0;14972
"669";1913,28;0;1;15001
"670";1914,58;1;0;15027
"671";1915,98;0;1;15055
"672";1916,83;1;0;15072
"673";1918,03;0;1;15096
"674";1919,78;1;0;15131
"675";1921,73;0;1;15170
"676";1922,53;1;0;15186
"677";1923,58;0;1;15207
"678";1924,73;1;0;15230
"679";1926,08;0;1;15257
"680";1926,78;1;0;15271
"681";1927,88;0;1;15293
"682";1929,38;1;0;15323
"683";1930,78;0;1;15351
"684";1931,83;1;0;15372
"685";1932,93;0;1;15394
"686";1934,73;1;0;15430
"687";1937,23;0;1;15480
"688";1939,08;1;0;15517
"689";1941,08;0;1;15557
"690";1942,68;1;0;15589
"691";1944,83;0;1;15632
"692";1946,63;1;0;15668
"693";1948,58;0;1;15707
"694";1950,78;1;0;15751
"695";1953,63;0;1;15808
"696";1955,83;1;0;15852
"697";1958,98;0;1;15915
"698";1962,33;1;0;15982
"699";1965,73;0;1;16050
"700";1968,68;1;0;16109
"701";1971,73;0;1;16170
"702";1974,38;1;0;16223
"703";1976,88;0;1;16273
"704";1978,43;1;0;16304
"705";1980,43;0;1;16344
"706";1982,73;1;0;16390
"707";1984,48;0;1;16425
"708";1984,83;1;0;16432
"709";1985,78;0;1;16451
"710";1987,98;1;0;16495
"711";1990,08;0;1;16537
"712";1991,18;1;0;16559
"713";1992,33;0;1;16582
"714";1994,58;1;0;16627
"715";1997,43;0;1;16684
"716";1998,83;1;0;16712
"717";2000,13;0;1;16738
"718";2001,18;1;0;16759
"719";2003,03;0;1;16796
"720";2005,53;1;0;16846
"721";2008,03;0;1;16896
"722";2010,38;1;0;16943
"723";2013,18;0;1;16999
"724";2015,33;1;0;17042
"725";2017,83;0;1;17092
"726";2020,73;1;0;17150
"727";2022,78;0;1;17191
"728";2024,98;1;0;17235
"729";2027,58;0;1;17287
"730";2030,63;1;0;17348
"731";2034,58;0;1;17427
"732";2038,43;1;0;17504
"733";2041,38;0;1;17563
"734";2043,38;1;0;17603
"735";2044,93;0;1;17634
"736";2046,43;1;0;17664
"737";2048,68;0;1;17709
"738";2052,08;1;0;17777
"739";2054,53;0;1;17826
"740";2056,98;1;0;17875
"741";2059,83;0;1;17932
"742";2063,43;1;0;18004
"743";2066,13;0;1;18058
"744";2068,48;1;0;18105
"745";2070,68;0;1;18149
"746";2073,13;1;0;18198
"747";2075,23;0;1;18240
"748";2076,03;1;0;18256
"749";2076,98;0;1;18275
"750";2077,48;1;0;18285
"751";2078,03;0;1;18296
"752";2078,73;1;0;18310
"753";2080,08;0;1;18337
"754";2080,78;1;0;18351
"755";2085,13;0;1;18438
"756";2085,83;1;0;18452
"757";2087,08;0;1;18477
"758";2087,73;1;0;18490
"759";2088,98;0;1;18515
"760";2089,83;1;0;18532
"761";2091,28;0;1;18561
"762";2091,98;1;0;18575
"763";2092,88;0;1;18593
"764";2093,78;1;0;18611
"765";2094,88;0;1;18633
"766";2096,13;1;0;18658
"767";2097,58;0;1;18687
"768";2098,43;1;0;18704
"769";2100,08;0;1;18737
"770";2101,13;1;0;18758
"771";2102,48;0;1;18785
"772";2103,58;1;0;18807
"773";2104,98;0;1;18835
"774";2105,88;1;0;18853
"775";2107,23;0;1;18880
"776";2107,88;1;0;18893
"777";2109,13;0;1;18918
"778";2109,68;1;0;18929
"779";2110,43;0;1;18944
"780";2111,08;1;0;18957
"781";2111,68;0;1;18969
"782";2112,43;1;0;18984
"783";2114,28;0;1;19021
"784";2114,83;1;0;19032
"785";2115,53;0;1;19046
"786";2116,28;1;0;19061
"787";2117,33;0;1;19082
"788";2118,08;1;0;19097
"789";2119,13;0;1;19118
"790";2119,78;1;0;19131
"791";2120,68;0;1;19149
"792";2121,38;1;0;19163
"793";2122,08;0;1;19177
"794";2122,83;1;0;19192
"795";2124,08;0;1;19217
"796";2125,18;1;0;19239
"797";2126,48;0;1;19265
"798";2127,48;1;0;19285
"799";2129,18;0;1;19319
"800";2129,83;1;0;19332
"801";2130,68;0;1;19349
"802";2132,18;1;0;19379
"803";2133,83;0;1;19412
"804";2134,48;1;0;19425
"805";2135,53;0;1;19446
"806";2136,28;1;0;19461
"807";2136,93;0;1;19474
"808";2137,38;1;0;19483
"809";2137,98;0;1;19495
"810";2138,78;1;0;19511
"811";2139,63;0;1;19528
"812";2140,28;1;0;19541
"813";2140,98;0;1;19555
"814";2141,93;1;0;19574
"815";2143,08;0;1;19597
"816";2143,98;1;0;19615
"817";2145,88;0;1;19653
"818";2147,33;1;0;19682
"819";2149,08;0;1;19717
"820";2149,68;1;0;19729
"821";2150,78;0;1;19751
"822";2152,03;1;0;19776
"823";2153,38;0;1;19803
"824";2154,08;1;0;19817
"825";2154,58;0;1;19827
"826";2155,63;1;0;19848
"827";2157,48;0;1;19885
"828";2158,98;1;0;19915
"829";2160,38;0;1;19943
"830";2161,43;1;0;19964
"831";2162,68;0;1;19989
"832";2163,88;1;0;20013
"833";2165,23;0;1;20040
"834";2166,08;1;0;20057
"835";2167,18;0;1;20079
"836";2168,48;1;0;20105
"837";2169,68;0;1;20129
"838";2170,98;1;0;20155
"839";2172,13;0;1;20178
"840";2173,18;1;0;20199
"841";2174,33;0;1;20222
"842";2175,38;1;0;20243
"843";2176,48;0;1;20265
"844";2177,78;1;0;20291
"845";2178,88;0;1;20313
"846";2179,98;1;0;20335
"847";2181,18;0;1;20359
"848";2182,28;1;0;20381
"849";2183,48;0;1;20405
"850";2184,93;1;0;20434
"851";2186,53;0;1;20466
"852";2187,98;1;0;20495
"853";2189,93;0;1;20534
"854";2190,68;1;0;20549
"855";2191,53;0;1;20566
"856";2192,83;1;0;20592
"857";2194,13;0;1;20618
"858";2195,28;1;0;20641
"859";2196,58;0;1;20667
"860";2197,43;1;0;20684
"861";2198,48;0;1;20705
"862";2199,88;1;0;20733
"863";2201,13;0;1;20758
"864";2202,23;1;0;20780
"865";2203,33;0;1;20802
"866";2204,63;1;0;20828
"867";2205,78;0;1;20851
"868";2206,88;1;0;20873
"869";2208,18;0;1;20899
"870";2209,18;1;0;20919
"871";2210,28;0;1;20941
"872";2211,43;1;0;20964
"873";2212,68;0;1;20989
"874";2214,03;1;0;21016
"875";2215,33;0;1;21042
"876";2216,28;1;0;21061
"877";2217,48;0;1;21085
"878";2218,68;1;0;21109
"879";2219,88;0;1;21133
"880";2220,93;1;0;21154
"881";2222,08;0;1;21177
"882";2223,18;1;0;21199
"883";2224,43;0;1;21224
"884";2225,58;1;0;21247
"885";2226,93;0;1;21274
"886";2228,13;1;0;21298
"887";2229,33;0;1;21322
"888";2230,58;1;0;21347
"889";2231,78;0;1;21371
"890";2232,83;1;0;21392
"891";2233,93;0;1;21414
"892";2235,18;1;0;21439
"893";2236,38;0;1;21463
"894";2237,48;1;0;21485
"895";2238,68;0;1;21509
"896";2239,88;1;0;21533
"897";2241,08;0;1;21557
"898";2242,23;1;0;21580
"899";2243,53;0;1;21606
"900";2244,73;1;0;21630
"901";2245,83;0;1;21652
"902";2247,13;1;0;21678
"903";2248,38;0;1;21703
"904";2249,43;1;0;21724
"905";2250,53;0;1;21746
"906";2251,73;1;0;21770
"907";2253,03;0;1;21796
"908";2254,28;1;0;21821
"909";2255,53;0;1;21846
"910";2256,63;1;0;21868
"911";2257,83;0;1;21892
"912";2258,98;1;0;21915
"913";2260,13;0;1;21938
"914";2261,18;1;0;21959
"915";2262,18;0;1;21979
"916";2263,23;1;0;22000
"917";2264,38;0;1;22023
"918";2265,73;1;0;22050
"919";2267,03;0;1;22076
"920";2268,23;1;0;22100
"921";2269,43;0;1;22124
"922";2270,63;1;0;22148
"923";2271,88;0;1;22173
"924";2273,18;1;0;22199
"925";2274,43;0;1;22224
"926";2275,53;1;0;22246
"927";2276,73;0;1;22270
"928";2277,88;1;0;22293
"929";2278,98;0;1;22315
"930";2280,13;1;0;22338
"931";2281,28;0;1;22361
"932";2282,43;1;0;22384
"933";2283,73;0;1;22410
"934";2284,98;1;0;22435
"935";2286,28;0;1;22461
"936";2287,53;1;0;22486
"937";2288,83;0;1;22512
"938";2290,03;1;0;22536
"939";2291,28;0;1;22561
"940";2292,43;1;0;22584
"941";2293,58;0;1;22607
"942";2294,88;1;0;22633
"943";2296,13;0;1;22658
"944";2297,43;1;0;22684
"945";2298,63;0;1;22708
"946";2299,78;1;0;22731
"947";2301,03;0;1;22756
"948";2302,23;1;0;22780
"949";2303,48;0;1;22805
"950";2304,83;1;0;22832
"951";2305,98;0;1;22855
"952";2307,08;1;0;22877
"953";2308,28;0;1;22901
"954";2309,08;1;0;22917
"955";2310,08;0;1;22937
"956";2311,33;1;0;22962
"957";2312,68;0;1;22989
"958";2313,98;1;0;23015
"959";2315,43;0;1;23044
"960";2316,78;1;0;23071
"961";2318,03;0;1;23096
"962";2319,28;1;0;23121
"963";2320,48;0;1;23145
"964";2321,73;1;0;23170
"965";2322,98;0;1;23195
"966";2324,28;1;0;23221
"967";2325,43;0;1;23244
"968";2326,63;1;0;23268
"969";2327,83;0;1;23292
"970";2329,03;1;0;23316
"971";2330,23;0;1;23340
"972";2331,48;1;0;23365
"973";2332,83;0;1;23392
"974";2334,13;1;0;23418
"975";2335,28;0;1;23441
"976";2336,38;1;0;23463
"977";2337,53;0;1;23486
"978";2338,73;1;0;23510
"979";2339,98;0;1;23535
"980";2341,23;1;0;23560
"981";2342,48;0;1;23585
"982";2343,73;1;0;23610
"983";2344,93;0;1;23634
"984";2346,23;1;0;23660
"985";2347,53;0;1;23686
"986";2348,73;1;0;23710
"987";2349,88;0;1;23733
"988";2350,98;1;0;23755
"989";2352,18;0;1;23779
"990";2353,28;1;0;23801
"991";2354,48;0;1;23825
"992";2355,78;1;0;23851
"993";2357,03;0;1;23876
"994";2358,43;1;0;23904
"995";2359,68;0;1;23929
"996";2360,63;1;0;23948
"997";2361,83;0;1;23972
"998";2363,13;1;0;23998
"999";2364,38;0;1;24023
"1000";2365,58;1;0;24047
"1001";2366,83;0;1;24072
"1002";2367,93;1;0;24094
"1003";2369,53;0;1;24126
"1004";2370,13;1;0;24138
"1005";2370,88;0;1;24153
"1006";2372,18;1;0;24179
"1007";2373,48;0;1;24205
"1008";2374,63;1;0;24228
"1009";2376,03;0;1;24256
"1010";2377,13;1;0;24278
"1011";2378,23;0;1;24300
"1012";2379,43;1;0;24324
"1013";2381,03;0;1;24356
"1014";2382,88;1;0;24393
"1015";2384,48;0;1;24425
"1016";2385,78;1;0;24451
"1017";2387,38;0;1;24483
"1018";2388,78;1;0;24511
"1019";2390,38;0;1;24543
"1020";2390,83;1;0;24552
"1021";2390,93;0;1;24554
"1022";2392,43;1;0;24584
"1023";2393,98;0;1;24615
"1024";2395,38;1;0;24643
"1025";2397,03;0;1;24676
"1026";2398,58;1;0;24707
"1027";2399,93;0;1;24734
"1028";2401,38;1;0;24763
"1029";2402,83;0;1;24792
"1030";2404,33;1;0;24822
"1031";2406,18;0;1;24859
"1032";2407,68;1;0;24889
"1033";2409,43;0;1;24924
"1034";2410,83;1;0;24952
"1035";2412,03;0;1;24976
"1036";2413,48;1;0;25005
"1037";2414,83;0;1;25032
"1038";2416,13;1;0;25058
"1039";2418,08;0;1;25097
"1040";2419,48;1;0;25125
"1041";2421,23;0;1;25160
"1042";2422,68;1;0;25189
"1043";2423,93;0;1;25214
"1044";2424,88;1;0;25233
"1045";2425,98;0;1;25255
"1046";2426,73;1;0;25270
"1047";2427,68;0;1;25289
"1048";2428,58;1;0;25307
"1049";2429,63;0;1;25328
"1050";2430,53;1;0;25346
"1051";2431,48;0;1;25365
"1052";2432,23;1;0;25380
"1053";2433,23;0;1;25400
"1054";2433,98;1;0;25415
"1055";2434,83;0;1;25432
"1056";2435,58;1;0;25447
"1057";2436,38;0;1;25463
"1058";2437,03;1;0;25476
"1059";2437,73;0;1;25490
"1060";2438,38;1;0;25503
"1061";2440,03;0;1;25536
"1062";2440,68;1;0;25549
"1063";2441,43;0;1;25564
"1064";2442,03;1;0;25576
"1065";2442,73;0;1;25590
"1066";2443,48;1;0;25605
"1067";2444,53;0;1;25626
"1068";2445,18;1;0;25639
"1069";2445,93;0;1;25654
"1070";2446,78;1;0;25671
"1071";2447,68;0;1;25689
"1072";2448,33;1;0;25702
"1073";2448,98;0;1;25715
"1074";2449,53;1;0;25726
"1075";2450,58;0;1;25747
"1076";2451,38;1;0;25763
"1077";2452,23;0;1;25780
"1078";2452,98;1;0;25795
"1079";2454,28;0;1;25821
"1080";2455,83;1;0;25852
"1081";2457,63;0;1;25888
"1082";2459,13;1;0;25918
"1083";2460,88;0;1;25953
"1084";2462,03;1;0;25976
"1085";2463,43;0;1;26004
"1086";2464,68;1;0;26029
"1087";2466,23;0;1;26060
"1088";2466,93;1;0;26074
"1089";2467,88;0;1;26093
"1090";2468,68;1;0;26109
"1091";2469,58;0;1;26127
"1092";2470,68;1;0;26149
"1093";2472,08;0;1;26177
"1094";2472,78;1;0;26191
"1095";2474,03;0;1;26216
"1096";2474,73;1;0;26230
"1097";2475,58;0;1;26247
"1098";2476,18;1;0;26259
"1099";2477,03;0;1;26276
"1100";2477,63;1;0;26288
"1101";2478,38;0;1;26303
"1102";2479,28;1;0;26321
"1103";2480,38;0;1;26343
"1104";2481,08;1;0;26357
"1105";2482,03;0;1;26376
"1106";2482,73;1;0;26390
"1107";2483,48;0;1;26405
"1108";2484,23;1;0;26420
"1109";2485,08;0;1;26437
"1110";2485,78;1;0;26451
"1111";2486,58;0;1;26467
"1112";2487,28;1;0;26481
"1113";2488,03;0;1;26496
"1114";2488,78;1;0;26511
"1115";2490,53;0;1;26546
"1116";2491,33;1;0;26562
"1117";2492,33;0;1;26582
"1118";2493,13;1;0;26598
"1119";2494,13;0;1;26618
"1120";2494,68;1;0;26629
"1121";2495,43;0;1;26644
"1122";2496,33;1;0;26662
"1123";2497,33;0;1;26682
"1124";2498,08;1;0;26697
"1125";2498,88;0;1;26713
"1126";2499,58;1;0;26727
"1127";2500,38;0;1;26743
"1128";2501,03;1;0;26756
"1129";2501,83;0;1;26772
"1130";2502,53;1;0;26786
"1131";2503,43;0;1;26804
"1132";2504,23;1;0;26820
"1133";2505,18;0;1;26839
"1134";2505,98;1;0;26855
"1135";2506,78;0;1;26871
"1136";2507,48;1;0;26885
"1137";2507,73;0;1;26890
"1138";2508,18;1;0;26899
"1139";2509,03;0;1;26916
"1140";2509,58;1;0;26927
"1141";2510,23;0;1;26940
"1142";2510,83;1;0;26952
"1143";2511,73;0;1;26970
"1144";2512,28;1;0;26981
"1145";2512,93;0;1;26994
"1146";2513,73;1;0;27010
"1147";2514,48;0;1;27025
"1148";2515,23;1;0;27040
"1149";2516,13;0;1;27058
"1150";2516,83;1;0;27072
"1151";2517,58;0;1;27087
"1152";2518,08;1;0;27097
"1153";2518,53;0;1;27106
"1154";2519,13;1;0;27118
"1155";2519,98;0;1;27135
"1156";2520,68;1;0;27149
"1157";2521,43;0;1;27164
"1158";2522,13;1;0;27178
"1159";2522,93;0;1;27194
"1160";2523,63;1;0;27208
"1161";2524,38;0;1;27223
"1162";2525,13;1;0;27238
"1163";2525,98;0;1;27255
"1164";2526,78;1;0;27271
"1165";2527,53;0;1;27286
"1166";2528,23;1;0;27300
"1167";2529,03;0;1;27316
"1168";2529,73;1;0;27330
"1169";2530,48;0;1;27345
"1170";2531,28;1;0;27361
"1171";2532,13;0;1;27378
"1172";2532,83;1;0;27392
"1173";2533,63;0;1;27408
"1174";2534,43;1;0;27424
"1175";2535,23;0;1;27440
"1176";2535,88;1;0;27453
"1177";2536,63;0;1;27468
"1178";2537,43;1;0;27484
"1179";2538,23;0;1;27500
"1180";2538,98;1;0;27515
"1181";2539,83;0;1;27532
"1182";2540,63;1;0;27548
"1183";2541,48;0;1;27565
"1184";2542,13;1;0;27578
"1185";2542,83;0;1;27592
"1186";2543,58;1;0;27607
"1187";2544,38;0;1;27623
"1188";2545,13;1;0;27638
"1189";2545,93;0;1;27654
"1190";2546,73;1;0;27670
"1191";2547,58;0;1;27687
"1192";2548,23;1;0;27700
"1193";2548,98;0;1;27715
"1194";2549,68;1;0;27729
"1195";2550,53;0;1;27746
"1196";2551,18;1;0;27759
"1197";2551,88;0;1;27773
"1198";2552,63;1;0;27788
"1199";2553,38;0;1;27803
"1200";2554,18;1;0;27819
"1201";2554,98;0;1;27835
"1202";2555,73;1;0;27850
"1203";2556,48;0;1;27865
"1204";2557,28;1;0;27881
"1205";2558,08;0;1;27897
"1206";2558,83;1;0;27912
"1207";2559,63;0;1;27928
"1208";2560,43;1;0;27944
"1209";2561,23;0;1;27960
"1210";2562,03;1;0;27976
"1211";2562,83;0;1;27992
"1212";2563,63;1;0;28008
"1213";2564,53;0;1;28026
"1214";2565,28;1;0;28041
"1215";2566,13;0;1;28058
"1216";2566,88;1;0;28073
"1217";2567,68;0;1;28089
"1218";2568,43;1;0;28104
"1219";2569,13;0;1;28118
"1220";2569,93;1;0;28134
"1221";2570,78;0;1;28151
"1222";2571,53;1;0;28166
"1223";2572,28;0;1;28181
"1224";2572,98;1;0;28195
"1225";2573,83;0;1;28212
"1226";2574,63;1;0;28228
"1227";2575,33;0;1;28242
"1228";2576,08;1;0;28257
"1229";2576,98;0;1;28275
"1230";2577,63;1;0;28288
"1231";2578,38;0;1;28303
"1232";2579,18;1;0;28319
"1233";2579,93;0;1;28334
"1234";2580,78;1;0;28351
"1235";2581,53;0;1;28366
"1236";2582,28;1;0;28381
"1237";2583,03;0;1;28396
"1238";2583,83;1;0;28412
"1239";2584,58;0;1;28427
"1240";2585,28;1;0;28441
"1241";2586,08;0;1;28457
"1242";2586,83;1;0;28472
"1243";2587,58;0;1;28487
"1244";2588,43;1;0;28504
"1245";2589,28;0;1;28521
"1246";2589,93;1;0;28534
"1247";2590,63;0;1;28548
"1248";2591,43;1;0;28564
"1249";2592,23;0;1;28580
"1250";2593,13;1;0;28598
"1251";2594,08;0;1;28617
"1252";2594,78;1;0;28631
"1253";2595,53;0;1;28646
"1254";2596,18;1;0;28659
"1255";2596,93;0;1;28674
"1256";2597,73;1;0;28690
"1257";2598,58;0;1;28707
"1258";2599,28;1;0;28721
"1259";2600,03;0;1;28736
"1260";2600,78;1;0;28751
"1261";2601,63;0;1;28768
"1262";2602,38;1;0;28783
"1263";2603,18;0;1;28799
"1264";2603,93;1;0;28814
"1265";2604,68;0;1;28829
"1266";2605,38;1;0;28843
"1267";2606,13;0;1;28858
"1268";2606,93;1;0;28874
"1269";2607,73;0;1;28890
"1270";2608,58;1;0;28907
"1271";2609,38;0;1;28923
"1272";2610,08;1;0;28937
"1273";2610,73;0;1;28950
"1274";2611,63;1;0;28968
"1275";2612,53;0;1;28986
"1276";2613,23;1;0;29000
"1277";2613,98;0;1;29015
"1278";2614,73;1;0;29030
"1279";2615,58;0;1;29047
"1280";2616,38;1;0;29063
"1281";2617,23;0;1;29080
"1282";2617,88;1;0;29093
"1283";2618,58;0;1;29107
"1284";2619,33;1;0;29122
"1285";2620,08;0;1;29137
"1286";2620,83;1;0;29152
"1287";2621,63;0;1;29168
"1288";2622,38;1;0;29183
"1289";2623,18;0;1;29199
"1290";2623,93;1;0;29214
"1291";2624,68;0;1;29229
"1292";2625,58;1;0;29247
"1293";2626,38;0;1;29263
"1294";2627,08;1;0;29277
"1295";2627,83;0;1;29292
"1296";2628,73;1;0;29310
"1297";2629,58;0;1;29327
"1298";2630,33;1;0;29342
"1299";2631,08;0;1;29357
"1300";2631,73;1;0;29370
"1301";2632,43;0;1;29384
"1302";2633,23;1;0;29400
"1303";2634,03;0;1;29416
"1304";2634,83;1;0;29432
"1305";2635,68;0;1;29449
"1306";2636,33;1;0;29462
"1307";2637,03;0;1;29476
"1308";2637,88;1;0;29493
"1309";2638,68;0;1;29509
"1310";2639,43;1;0;29524
"1311";2640,28;0;1;29541
"1312";2641,03;1;0;29556
"1313";2641,78;0;1;29571
"1314";2642,68;1;0;29589
"1315";2643,43;0;1;29604
"1316";2644,18;1;0;29619
"1317";2644,88;0;1;29633
"1318";2645,68;1;0;29649
"1319";2646,43;0;1;29664
"1320";2647,13;1;0;29678
"1321";2647,88;0;1;29693
"1322";2648,83;1;0;29712
"1323";2649,73;0;1;29730
"1324";2650,43;1;0;29744
"1325";2651,18;0;1;29759
"1326";2651,93;1;0;29774
"1327";2652,68;0;1;29789
"1328";2653,48;1;0;29805
"1329";2654,23;0;1;29820
"1330";2655,13;1;0;29838
"1331";2655,88;0;1;29853
"1332";2656,58;1;0;29867
"1333";2657,33;0;1;29882
"1334";2658,08;1;0;29897
"1335";2658,78;0;1;29911
"1336";2659,53;1;0;29926
"1337";2660,23;0;1;29940
"1338";2660,93;1;0;29954
"1339";2661,63;0;1;29968
"1340";2662,48;1;0;29985
"1341";2663,28;0;1;30001
"1342";2664,03;1;0;30016
"1343";2664,83;0;1;30032
"1344";2665,63;1;0;30048
"1345";2666,43;0;1;30064
"1346";2667,23;1;0;30080
"1347";2668,03;0;1;30096
"1348";2668,78;1;0;30111
"1349";2669,53;0;1;30126
"1350";2670,28;1;0;30141
"1351";2671,08;0;1;30157
"1352";2671,83;1;0;30172
"1353";2672,58;0;1;30187
"1354";2673,38;1;0;30203
"1355";2674,18;0;1;30219
"1356";2674,88;1;0;30233
"1357";2675,68;0;1;30249
"1358";2676,48;1;0;30265
"1359";2677,33;0;1;30282
"1360";2677,93;1;0;30294
"1361";2678,48;0;1;30305
"1362";2679,38;1;0;30323
"1363";2680,18;0;1;30339
"1364";2680,93;1;0;30354
"1365";2681,63;0;1;30368
"1366";2682,38;1;0;30383
"1367";2683,13;0;1;30398
"1368";2683,83;1;0;30412
"1369";2684,53;0;1;30426
"1370";2685,38;1;0;30443
"1371";2686,33;0;1;30462
"1372";2687,08;1;0;30477
"1373";2687,78;0;1;30491
"1374";2688,48;1;0;30505
"1375";2689,28;0;1;30521
"1376";2689,98;1;0;30535
"1377";2690,73;0;1;30550
"1378";2691,53;1;0;30566
"1379";2692,28;0;1;30581
"1380";2693,13;1;0;30598
"1381";2693,88;0;1;30613
"1382";2694,58;1;0;30627
"1383";2695,38;0;1;30643
"1384";2696,08;1;0;30657
"1385";2696,78;0;1;30671
"1386";2697,58;1;0;30687
"1387";2698,33;0;1;30702
"1388";2699,08;1;0;30717
"1389";2699,78;0;1;30731
"1390";2700,58;1;0;30747
"1391";2701,28;0;1;30761
"1392";2701,98;1;0;30775
"1393";2702,73;0;1;30790
"1394";2703,58;1;0;30807
"1395";2704,43;0;1;30824
"1396";2705,13;1;0;30838
"1397";2705,88;0;1;30853
"1398";2706,68;1;0;30869
"1399";2707,38;0;1;30883
"1400";2708,08;1;0;30897
"1401";2708,83;0;1;30912
"1402";2709,63;1;0;30928
"1403";2710,38;0;1;30943
"1404";2711,23;1;0;30960
"1405";2712,03;0;1;30976
"1406";2712,78;1;0;30991
"1407";2713,48;0;1;31005
"1408";2714,23;1;0;31020
"1409";2714,93;0;1;31034
"1410";2715,83;1;0;31052
"1411";2716,58;0;1;31067
"1412";2717,28;1;0;31081
"1413";2717,93;0;1;31094
"1414";2718,68;1;0;31109
"1415";2719,63;0;1;31128
"1416";2720,33;1;0;31142
"1417";2720,98;0;1;31155
"1418";2721,68;1;0;31169
"1419";2722,38;0;1;31183
"1420";2723,13;1;0;31198
"1421";2723,83;0;1;31212
"1422";2724,63;1;0;31228
"1423";2725,43;0;1;31244
"1424";2726,38;1;0;31263
"1425";2727,18;0;1;31279
"1426";2727,78;1;0;31291
"1427";2728,23;0;1;31300
"1428";2728,73;1;0;31310
"1429";2729,63;0;1;31328
"1430";2730,28;1;0;31341
"1431";2731,08;0;1;31357
"1432";2731,93;1;0;31374
"1433";2732,68;0;1;31389
"1434";2733,38;1;0;31403
"1435";2733,83;0;1;31412
"1436";2733,98;1;0;31415
"1437";2734,58;0;1;31427
"1438";2735,18;1;0;31439
"1439";2735,83;0;1;31452
"1440";2736,63;1;0;31468
"1441";2737,68;0;1;31489
"1442";2738,78;1;0;31511
"1443";2739,88;0;1;31533
"1444";2740,63;1;0;31548
"1445";2741,23;0;1;31560
"1446";2742,08;1;0;31577
"1447";2743,23;0;1;31600
"1448";2744,58;1;0;31627
"1449";2745,98;0;1;31655
"1450";2746,68;1;0;31669
"1451";2747,23;0;1;31680
"1452";2747,98;1;0;31695
"1453";2748,88;0;1;31713
"1454";2749,78;1;0;31731
"1455";2750,73;0;1;31750
"1456";2751,63;1;0;31768
"1457";2752,58;0;1;31787
"1458";2753,53;1;0;31806
"1459";2754,58;0;1;31827
"1460";2755,58;1;0;31847
"1461";2756,53;0;1;31866
"1462";2757,63;1;0;31888
"1463";2758,58;0;1;31907
"1464";2759,28;1;0;31921
"1465";2759,88;0;1;31933
"1466";2760,48;1;0;31945
"1467";2761,18;0;1;31959
"1468";2761,98;1;0;31975
"1469";2762,78;0;1;31991
"1470";2763,53;1;0;32006
"1471";2764,23;0;1;32020
"1472";2765,03;1;0;32036
"1473";2765,78;0;1;32051
"1474";2766,58;1;0;32067
"1475";2767,43;0;1;32084
"1476";2768,38;1;0;32103
"1477";2769,48;0;1;32125
"1478";2770,83;1;0;32152
"1479";2772,13;0;1;32178
"1480";2772,83;1;0;32192
"1481";2773,48;0;1;32205
"1482";2774,08;1;0;32217
"1483";2774,73;0;1;32230
"1484";2775,38;1;0;32243
"1485";2776,08;0;1;32257
"1486";2776,88;1;0;32273
"1487";2777,53;0;1;32286
"1488";2778,18;1;0;32299
"1489";2778,83;0;1;32312
"1490";2779,48;1;0;32325
"1491";2780,13;0;1;32338
"1492";2780,78;1;0;32351
"1493";2781,38;0;1;32363
"1494";2781,98;1;0;32375
"1495";2782,53;0;1;32386
"1496";2783,18;1;0;32399
"1497";2783,83;0;1;32412
"1498";2784,38;1;0;32423
"1499";2784,93;0;1;32434
"1500";2785,48;1;0;32445
"1501";2785,98;0;1;32455
"1502";2786,53;1;0;32466
"1503";2787,18;0;1;32479
"1504";2787,83;1;0;32492
"1505";2788,98;0;1;32515
"1506";2789,58;1;0;32527
"1507";2790,28;0;1;32541
"1508";2790,88;1;0;32553
"1509";2791,73;0;1;32570
"1510";2792,38;1;0;32583
"1511";2793,03;0;1;32596
"1512";2793,68;1;0;32609
"1513";2794,33;0;1;32622
"1514";2794,98;1;0;32635
"1515";2795,68;0;1;32649
"1516";2796,23;1;0;32660
"1517";2796,78;0;1;32671
"1518";2797,38;1;0;32683
"1519";2798,03;0;1;32696
"1520";2798,68;1;0;32709
"1521";2799,43;0;1;32724
"1522";2800,03;1;0;32736
"1523";2800,58;0;1;32747
"1524";2801,18;1;0;32759
"1525";2801,78;0;1;32771
"1526";2802,43;1;0;32784
"1527";2803,08;0;1;32797
"1528";2803,68;1;0;32809
"1529";2804,28;0;1;32821
"1530";2804,93;1;0;32834
"1531";2805,58;0;1;32847
"1532";2806,18;1;0;32859
"1533";2807,13;0;1;32878
"1534";2807,73;1;0;32890
"1535";2808,83;0;1;32912
"1536";2809,43;1;0;32924
"1537";2810,03;0;1;32936
"1538";2810,63;1;0;32948
"1539";2811,23;0;1;32960
"1540";2811,78;1;0;32971
"1541";2812,38;0;1;32983
"1542";2813,13;1;0;32998
"1543";2813,73;0;1;33010
"1544";2814,38;1;0;33023
"1545";2815,08;0;1;33037
"1546";2815,63;1;0;33048
"1547";2816,18;0;1;33059
"1548";2816,83;1;0;33072
"1549";2817,48;0;1;33085
"1550";2818,18;1;0;33099
"1551";2818,63;0;1;33108
"1552";2818,83;1;0;33112
"1553";2819,43;0;1;33124
"1554";2819,98;1;0;33135
"1555";2820,53;0;1;33146
"1556";2821,03;1;0;33156
"1557";2821,53;0;1;33166
"1558";2821,63;1;0;33168
"1559";2822,18;0;1;33179
"1560";2822,78;1;0;33191
"1561";2823,93;0;1;33214
"1562";2824,93;1;0;33234
"1563";2825,73;0;1;33250
"1564";2826,38;1;0;33263
"1565";2827,03;0;1;33276
"1566";2827,68;1;0;33289
"1567";2828,38;0;1;33303
"1568";2829,08;1;0;33317
"1569";2829,88;0;1;33333
"1570";2830,48;1;0;33345
"1571";2831,23;0;1;33360
"1572";2831,93;1;0;33374
"1573";2832,58;0;1;33387
"1574";2833,23;1;0;33400
"1575";2833,88;0;1;33413
"1576";2834,38;1;0;33423
"1577";2835,83;0;1;33452
"1578";2836,63;1;0;33468
"1579";2837,18;0;1;33479
"1580";2837,28;1;0;33481
"1581";2838,43;0;1;33504
"1582";2839,03;1;0;33516
"1583";2839,88;0;1;33533
"1584";2840,63;1;0;33548
"1585";2841,63;0;1;33568
"1586";2842,48;1;0;33585
"1587";2843,43;0;1;33604
"1588";2844,28;1;0;33621
"1589";2845,33;0;1;33642
"1590";2846,28;1;0;33661
"1591";2848,23;0;1;33700
"1592";2849,43;1;0;33724
"1593";2850,83;0;1;33752
"1594";2852,18;1;0;33779
"1595";2854,08;0;1;33817
"1596";2855,63;1;0;33848
"1597";2857,58;0;1;33887
"1598";2858,98;1;0;33915
"1599";2860,78;0;1;33951
"1600";2862,38;1;0;33983
"1601";2864,38;0;1;34023
"1602";2865,48;1;0;34045
"1603";2867,28;0;1;34081
"1604";2868,13;1;0;34098
"1605";2869,18;0;1;34119
"1606";2870,73;1;0;34150
"1607";2872,68;0;1;34189
"1608";2874,33;1;0;34222
"1609";2876,08;0;1;34257
"1610";2878,73;1;0;34310
"1611";2881,23;0;1;34360
"1612";2883,38;1;0;34403
"1613";2885,53;0;1;34446
"1614";2887,83;1;0;34492
"1615";2889,83;0;1;34532
"1616";2891,48;1;0;34565
"1617";2893,18;0;1;34599
"1618";2894,18;1;0;34619
"1619";2896,68;0;1;34669
"1620";2897,43;1;0;34684
"1621";2898,48;0;1;34705
"1622";2899,28;1;0;34721
"1623";2900,68;0;1;34749
"1624";2901,53;1;0;34766
"1625";2903,23;0;1;34800
"1626";2903,68;1;0;34809
"1627";2904,13;0;1;34818
"1628";2905,28;1;0;34841
"1629";2907,83;0;1;34892
"1630";2908,63;1;0;34908
"1631";2909,43;0;1;34924
"1632";2910,08;1;0;34937
"1633";2910,88;0;1;34953
"1634";2911,53;1;0;34966
"1635";2912,43;0;1;34984
"1636";2912,98;1;0;34995
"1637";2913,83;0;1;35012
"1638";2914,48;1;0;35025
"1639";2915,73;0;1;35050
"1640";2916,58;1;0;35067
"1641";2918,58;0;1;35107
"1642";2919,18;1;0;35119
"1643";2920,03;0;1;35136
"1644";2920,93;1;0;35154
"1645";2921,98;0;1;35175
"1646";2922,58;1;0;35187
"1647";2923,88;0;1;35213
"1648";2924,63;1;0;35228
"1649";2925,68;0;1;35249
"1650";2926,43;1;0;35264
"1651";2927,88;0;1;35293
"1652";2928,98;1;0;35315
"1653";2930,48;0;1;35345
"1654";2932,03;1;0;35376
"1655";2933,78;0;1;35411
"1656";2934,43;1;0;35424
"1657";2935,88;0;1;35453
"1658";2937,23;1;0;35480
"1659";2938,63;0;1;35508
"1660";2939,38;1;0;35523
"1661";2940,28;0;1;35541
"1662";2942,13;1;0;35578
"1663";2943,68;0;1;35609
"1664";2945,63;1;0;35648
"1665";2950,88;0;1;35753
"1666";2951,38;1;0;35763
"1667";2951,88;0;1;35773
"1668";2952,83;1;0;35792
"1669";2953,53;0;1;35806
"1670";2954,18;1;0;35819
"1671";2955,13;0;1;35838
"1672";2956,08;1;0;35857
"1673";2957,38;0;1;35883
"1674";2957,98;1;0;35895
"1675";2958,53;0;1;35906
"1676";2959,03;1;0;35916
"1677";2959,58;0;1;35927
"1678";2960,13;1;0;35938
"1679";2960,68;0;1;35949
"1680";2961,18;1;0;35959
"1681";2961,58;0;1;35967
"1682";2962,13;1;0;35978
"1683";2963,13;0;1;35998
"1684";2963,88;1;0;36013
"1685";2964,48;0;1;36025
"1686";2965,28;1;0;36041
"1687";2966,23;0;1;36060
"1688";2967,08;1;0;36077
"1689";2968,33;0;1;36102
"1690";2969,03;1;0;36116
"1691";2970,08;0;1;36137
"1692";2970,98;1;0;36155
"1693";2973,18;0;1;36199
"1694";2973,83;1;0;36212
"1695";2974,88;0;1;36233
"1696";2976,23;1;0;36260
"1697";2978,58;0;1;36307
"1698";2979,33;1;0;36322
"1699";2980,48;0;1;36345
"1700";2981,13;1;0;36358
"1701";2982,13;0;1;36378
"1702";2983,03;1;0;36396
"1703";2983,68;0;1;36409
"1704";2984,43;1;0;36424
"1705";2986,33;0;1;36462
"1706";2987,08;1;0;36477
"1707";2988,73;0;1;36510
"1708";2989,83;1;0;36532
"1709";2992,38;0;1;36583
"1710";2993,88;1;0;36613
"1711";2995,33;0;1;36642
"1712";2996,88;1;0;36673
"1713";2998,93;0;1;36714
"1714";2999,58;1;0;36727
"1715";3000,48;0;1;36745
"1716";3001,23;1;0;36760
"1717";3001,93;0;1;36774
"1718";3002,68;1;0;36789
"1719";3004,13;0;1;36818
"1720";3004,78;1;0;36831
"1721";3006,08;0;1;36857
"1722";3006,88;1;0;36873
"1723";3008,13;0;1;36898
"1724";3008,83;1;0;36912
"1725";3010,33;0;1;36942
"1726";3011,13;1;0;36958
"1727";3011,88;0;1;36973
"1728";3012,48;1;0;36985
"1729";3013,38;0;1;37003
"1730";3014,03;1;0;37016
"1731";3014,93;0;1;37034
"1732";3016,38;1;0;37063
"1733";3017,78;0;1;37091
"1734";3018,53;1;0;37106
"1735";3019,43;0;1;37124
"1736";3020,28;1;0;37141
"1737";3021,38;0;1;37163
"1738";3022,13;1;0;37178
"1739";3022,88;0;1;37193
"1740";3023,63;1;0;37208
"1741";3025,13;0;1;37238
"1742";3025,93;1;0;37254
"1743";3026,68;0;1;37269
"1744";3027,43;1;0;37284
"1745";3028,23;0;1;37300
"1746";3028,93;1;0;37314
"1747";3029,63;0;1;37328
"1748";3030,78;1;0;37351
"1749";3032,23;0;1;37380
"1750";3033,73;1;0;37410
"1751";3034,98;0;1;37435
"1752";3035,68;1;0;37449
"1753";3036,38;0;1;37463
"1754";3037,43;1;0;37484
"1755";3039,08;0;1;37517
"1756";3039,73;1;0;37530
"1757";3040,28;0;1;37541
"1758";3040,73;1;0;37550
"1759";3041,23;0;1;37560
"1760";3041,98;1;0;37575
"1761";3042,83;0;1;37592
"1762";3043,98;1;0;37615
"1763";3045,18;0;1;37639
"1764";3046,23;1;0;37660
"1765";3047,43;0;1;37684
"1766";3048,48;1;0;37705
"1767";3049,48;0;1;37725
"1768";3050,58;1;0;37747
"1769";3051,73;0;1;37770
"1770";3052,88;1;0;37793
"1771";3054,08;0;1;37817
"1772";3055,18;1;0;37839
"1773";3056,43;0;1;37864
"1774";3057,63;1;0;37888
"1775";3058,88;0;1;37913
"1776";3059,98;1;0;37935
"1777";3061,13;0;1;37958
"1778";3062,28;1;0;37981
"1779";3063,48;0;1;38005
"1780";3064,53;1;0;38026
"1781";3065,68;0;1;38049
"1782";3066,83;1;0;38072
"1783";3068,08;0;1;38097
"1784";3069,18;1;0;38119
"1785";3070,28;0;1;38141
"1786";3071,28;1;0;38161
"1787";3072,33;0;1;38182
"1788";3073,43;1;0;38204
"1789";3074,68;0;1;38229
"1790";3075,78;1;0;38251
"1791";3076,93;0;1;38274
"1792";3078,13;1;0;38298
"1793";3079,23;0;1;38320
"1794";3080,28;1;0;38341
"1795";3081,38;0;1;38363
"1796";3082,48;1;0;38385
"1797";3083,53;0;1;38406
"1798";3084,58;1;0;38427
"1799";3085,68;0;1;38449
"1800";3086,68;1;0;38469
"1801";3087,63;0;1;38488
"1802";3088,53;1;0;38506
"1803";3089,48;0;1;38525
"1804";3090,38;1;0;38543
"1805";3091,48;0;1;38565
"1806";3092,58;1;0;38587
"1807";3093,63;0;1;38608
"1808";3094,63;1;0;38628
"1809";3095,73;0;1;38650
"1810";3096,68;1;0;38669
"1811";3097,53;0;1;38686
"1812";3098,33;1;0;38702
"1813";3099,23;0;1;38720
"1814";3100,48;1;0;38745
"1815";3101,53;0;1;38766
"1816";3102,88;1;0;38793
"1817";3103,88;0;1;38813
"1818";3104,93;1;0;38834
"1819";3106,03;0;1;38856
"1820";3107,18;1;0;38879
"1821";3108,33;0;1;38902
"1822";3109,38;1;0;38923
"1823";3110,48;0;1;38945
"1824";3111,58;1;0;38967
"1825";3112,73;0;1;38990
"1826";3113,63;1;0;39008
"1827";3113,78;0;1;39011
"1828";3114,18;1;0;39019
"1829";3115,13;0;1;39038
"1830";3116,43;1;0;39064
"1831";3117,38;0;1;39083
"1832";3118,43;1;0;39104
"1833";3119,53;0;1;39126
"1834";3120,68;1;0;39149
"1835";3121,78;0;1;39171
"1836";3122,53;1;0;39186
"1837";3123,28;0;1;39201
"1838";3124,03;1;0;39216
"1839";3124,88;0;1;39233
"1840";3125,68;1;0;39249
"1841";3126,53;0;1;39266
"1842";3127,68;1;0;39289
"1843";3128,78;0;1;39311
"1844";3130,03;1;0;39336
"1845";3130,93;0;1;39354
"1846";3131,63;1;0;39368
"1847";3132,38;0;1;39383
"1848";3133,73;1;0;39410
"1849";3134,68;0;1;39429
"1850";3135,78;1;0;39451
"1851";3136,78;0;1;39471
"1852";3137,78;1;0;39491
"1853";3138,93;0;1;39514
"1854";3139,78;1;0;39531
"1855";3140,78;0;1;39551
"1856";3141,53;1;0;39566
"1857";3142,63;0;1;39588
"1858";3143,38;1;0;39603
"1859";3144,03;0;1;39616
"1860";3144,73;1;0;39630
"1861";3145,68;0;1;39649
"1862";3146,53;1;0;39666
"1863";3147,18;0;1;39679
"1864";3148,38;1;0;39703
"1865";3149,43;0;1;39724
"1866";3150,63;1;0;39748
"1867";3151,68;0;1;39769
"1868";3152,78;1;0;39791
"1869";3153,93;0;1;39814
"1870";3155,18;1;0;39839
"1871";3156,08;0;1;39857
"1872";3157,33;1;0;39882
"1873";3158,38;0;1;39903
"1874";3159,53;1;0;39926
"1875";3160,68;0;1;39949
"1876";3161,43;1;0;39964
"1877";3162,18;0;1;39979
"1878";3162,93;1;0;39994
"1879";3163,58;0;1;40007
"1880";3164,18;1;0;40019
"1881";3164,83;0;1;40032
"1882";3165,48;1;0;40045
"1883";3166,08;0;1;40057
"1884";3166,68;1;0;40069
"1885";3167,23;0;1;40080
"1886";3167,93;1;0;40094
"1887";3168,88;0;1;40113
"1888";3169,93;1;0;40134
"1889";3171,03;0;1;40156
"1890";3172,33;1;0;40182
"1891";3173,23;0;1;40200
"1892";3174,03;1;0;40216
"1893";3174,73;0;1;40230
"1894";3175,58;1;0;40247
"1895";3176,58;0;1;40267
"1896";3177,58;1;0;40287
"1897";3178,48;0;1;40305
"1898";3179,18;1;0;40319
"1899";3179,83;0;1;40332
"1900";3180,53;1;0;40346
"1901";3181,28;0;1;40361
"1902";3181,93;1;0;40374
"1903";3182,63;0;1;40388
"1904";3183,23;1;0;40400
"1905";3183,88;0;1;40413
"1906";3184,88;1;0;40433
"1907";3185,78;0;1;40451
"1908";3186,83;1;0;40472
"1909";3187,88;0;1;40493
"1910";3188,63;1;0;40508
"1911";3189,28;0;1;40521
"1912";3189,83;1;0;40532
"1913";3190,38;0;1;40543
"1914";3190,93;1;0;40554
"1915";3191,53;0;1;40566
"1916";3192,08;1;0;40577
"1917";3192,63;0;1;40588
"1918";3193,28;1;0;40601
"1919";3193,88;0;1;40613
"1920";3194,58;1;0;40627
"1921";3195,38;0;1;40643
"1922";3196,23;1;0;40660
"1923";3197,18;0;1;40679
"1924";3198,08;1;0;40697
"1925";3198,88;0;1;40713
"1926";3199,58;1;0;40727
"1927";3200,43;0;1;40744
"1928";3201,53;1;0;40766
"1929";3202,13;0;1;40778
"1930";3202,68;1;0;40789
"1931";3203,28;0;1;40801
"1932";3203,88;1;0;40813
"1933";3204,48;0;1;40825
"1934";3205,13;1;0;40838
"1935";3205,88;0;1;40853
"1936";3206,58;1;0;40867
"1937";3207,18;0;1;40879
"1938";3207,73;1;0;40890
"1939";3208,28;0;1;40901
"1940";3208,83;1;0;40912
"1941";3209,33;0;1;40922
"1942";3209,88;1;0;40933
"1943";3210,73;0;1;40950
"1944";3211,28;1;0;40961
"1945";3211,78;0;1;40971
"1946";3212,43;1;0;40984
"1947";3213,13;0;1;40998
"1948";3213,23;1;0;41000
"1949";3213,83;0;1;41012
"1950";3214,38;1;0;41023
"1951";3214,93;0;1;41034
"1952";3215,58;1;0;41047
"1953";3216,13;0;1;41058
"1954";3216,63;1;0;41068
"1955";3217,13;0;1;41078
"1956";3217,63;1;0;41088
"1957";3218,43;0;1;41104
"1958";3219,08;1;0;41117
"1959";3219,58;0;1;41127
"1960";3220,08;1;0;41137
"1961";3220,58;0;1;41147
"1962";3221,13;1;0;41158
"1963";3221,63;0;1;41168
"1964";3222,18;1;0;41179
"1965";3222,78;0;1;41191
"1966";3223,43;1;0;41204
"1967";3224,03;0;1;41216
"1968";3224,53;1;0;41226
"1969";3225,03;0;1;41236
"1970";3225,53;1;0;41246
"1971";3225,98;0;1;41255
"1972";3226,53;1;0;41266
"1973";3227,03;0;1;41276
"1974";3227,48;1;0;41285
"1975";3227,98;0;1;41295
"1976";3228,48;1;0;41305
"1977";3228,98;0;1;41315
"1978";3229,43;1;0;41324
"1979";3229,88;0;1;41333
"1980";3230,33;1;0;41342
"1981";3230,83;0;1;41352
"1982";3231,33;1;0;41362
"1983";3231,83;0;1;41372
"1984";3232,43;1;0;41384
"1985";3233,03;0;1;41396
"1986";3233,78;1;0;41411
"1987";3234,13;0;1;41418
"1988";3234,38;1;0;41423
"1989";3234,98;0;1;41435
"1990";3235,78;1;0;41451
"1991";3236,48;0;1;41465
"1992";3237,13;1;0;41478
"1993";3237,83;0;1;41492
"1994";3238,58;1;0;41507
"1995";3239,38;0;1;41523
"1996";3240,03;1;0;41536
"1997";3240,78;0;1;41551
"1998";3241,38;1;0;41563
"1999";3242,03;0;1;41576
"2000";3242,68;1;0;41589
"2001";3243,48;0;1;41605
"2002";3244,28;1;0;41621
"2003";3245,23;0;1;41640
"2004";3245,93;1;0;41654
"2005";3246,78;0;1;41671
"2006";3247,48;1;0;41685
"2007";3248,58;0;1;41707
"2008";3249,13;1;0;41718
"2009";3249,78;0;1;41731
"2010";3250,48;1;0;41745
"2011";3251,08;0;1;41757
"2012";3251,78;1;0;41771
"2013";3252,73;0;1;41790
"2014";3253,38;1;0;41803
"2015";3254,23;0;1;41820
"2016";3254,93;1;0;41834
"2017";3255,68;0;1;41849
"2018";3256,48;1;0;41865
"2019";3257,93;0;1;41894
"2020";3259,53;1;0;41926
"2021";3261,13;0;1;41958
"2022";3262,63;1;0;41988
"2023";3264,43;0;1;42024
"2024";3265,68;1;0;42049
"2025";3267,23;0;1;42080
"2026";3268,18;1;0;42099
"2027";3269,63;0;1;42128
"2028";3270,78;1;0;42151
"2029";3271,93;0;1;42174
"2030";3272,93;1;0;42194
"2031";3274,43;0;1;42224
"2032";3275,78;1;0;42251
"2033";3277,33;0;1;42282
"2034";3278,68;1;0;42309
"2035";3280,68;0;1;42349
"2036";3282,13;1;0;42378
"2037";3283,98;0;1;42415
"2038";3285,43;1;0;42444
"2039";3286,78;0;1;42471
"2040";3287,98;1;0;42495
"2041";3290,08;0;1;42537
"2042";3291,18;1;0;42559
"2043";3292,83;0;1;42592
"2044";3294,38;1;0;42623
"2045";3296,28;0;1;42661
"2046";3297,73;1;0;42690
"2047";3299,53;0;1;42726
"2048";3301,08;1;0;42757
"2049";3303,18;0;1;42799
"2050";3303,73;1;0;42810
"2051";3305,08;0;1;42837
"2052";3306,73;1;0;42870
"2053";3308,98;0;1;42915
"2054";3310,53;1;0;42946
"2055";3312,33;0;1;42982
"2056";3313,88;1;0;43013
"2057";3315,83;0;1;43052
"2058";3317,03;1;0;43076
"2059";3318,38;0;1;43103
"2060";3319,13;1;0;43118
"2061";3319,88;0;1;43133
"2062";3320,08;1;0;43137
"2063";3321,48;0;1;43165
"2064";3323,13;1;0;43198
"2065";3325,03;0;1;43236
"2066";3326,58;1;0;43267
"2067";3329,73;0;1;43330
"2068";3332,88;1;0;43393
"2069";3336,28;0;1;43461
"2070";3338,93;1;0;43514
"2071";3341,03;0;1;43556
"2072";3341,58;1;0;43567
"2073";3342,08;0;1;43577
"2074";3342,78;1;0;43591
"2075";3343,33;0;1;43602
"2076";3344,23;1;0;43620
"2077";3345,48;0;1;43645
"2078";3346,73;1;0;43670
"2079";3347,03;0;1;43676
"2080";3347,33;1;0;43682
"2081";3350,78;0;1;43751
"2082";3351,63;1;0;43768
"2083";3352,03;0;1;43776
"2084";3352,53;1;0;43786
"2085";3353,48;0;1;43805
"2086";3353,93;1;0;43814
"2087";3354,28;0;1;43821
"2088";3355,03;1;0;43836
"2089";3355,78;0;1;43851
"2090";3356,53;1;0;43866
"2091";3357,33;0;1;43882
"2092";3357,93;1;0;43894
"2093";3358,33;0;1;43902
"2094";3358,93;1;0;43914
"2095";3361,03;0;1;43956
"2096";3361,63;1;0;43968
"2097";3362,08;0;1;43977
"2098";3362,58;1;0;43987
"2099";3363,13;0;1;43998
"2100";3364,13;1;0;44018
"2101";3364,38;0;1;44023
"2102";3365,03;1;0;44036
"2103";3365,93;0;1;44054
"2104";3366,68;1;0;44069
"2105";3368,23;0;1;44100
"2106";3368,48;1;0;44105
"2107";3369,43;0;1;44124
"2108";3370,13;1;0;44138
"2109";3372,33;0;1;44182
"2110";3372,93;1;0;44194
"2111";3374,43;0;1;44224
"2112";3375,18;1;0;44239
"2113";3377,28;0;1;44281
"2114";3378,33;1;0;44302
"2115";3378,48;0;1;44305
"2116";3378,73;1;0;44310
"2117";3381,88;0;1;44373
"2118";3382,58;1;0;44387
"2119";3383,73;0;1;44410
"2120";3384,28;1;0;44421
"2121";3385,18;0;1;44439
"2122";3385,23;1;0;44440
"2123";3385,78;0;1;44451
"2124";3386,48;1;0;44465
"2125";3387,43;0;1;44484
"2126";3388,18;1;0;44499
"2127";3388,58;0;1;44507
"2128";3388,73;1;0;44510
"2129";3390,18;0;1;44539
"2130";3390,98;1;0;44555
"2131";3392,08;0;1;44577
"2132";3393,38;1;0;44603
"2133";3394,43;0;1;44624
"2134";3395,18;1;0;44639
"2135";3395,68;0;1;44649
"2136";3395,93;1;0;44654
"2137";3396,83;0;1;44672
"2138";3397,53;1;0;44686
"2139";3398,58;0;1;44707
"2140";3399,13;1;0;44718
"2141";3400,23;0;1;44740
"2142";3401,23;1;0;44760
"2143";3402,83;0;1;44792
"2144";3403,68;1;0;44809
"2145";3404,63;0;1;44828
"2146";3405,48;1;0;44845
"2147";3406,38;0;1;44863
"2148";3407,03;1;0;44876
"2149";3408,58;0;1;44907
"2150";3409,58;1;0;44927
"2151";3410,53;0;1;44946
"2152";3411,13;1;0;44958
"2153";3411,88;0;1;44973
"2154";3412,43;1;0;44984
"2155";3414,13;0;1;45018
"2156";3414,73;1;0;45030
"2157";3415,78;0;1;45051
"2158";3416,68;1;0;45069
"2159";3417,68;0;1;45089
"2160";3418,43;1;0;45104
"2161";3419,83;0;1;45132
"2162";3420,48;1;0;45145
"2163";3421,23;0;1;45160
"2164";3422,03;1;0;45176
"2165";3422,53;0;1;45186
"2166";3422,68;1;0;45189
"2167";3424,18;0;1;45219
"2168";3425,93;1;0;45254
"2169";3428,43;0;1;45304
"2170";3429,58;1;0;45327
"2171";3431,13;0;1;45358
"2172";3433,38;1;0;45403
"2173";3435,98;0;1;45455
"2174";3437,23;1;0;45480
"2175";3438,83;0;1;45512
"2176";3441,23;1;0;45560
"2177";3443,08;0;1;45597
"2178";3443,68;1;0;45609
"2179";3445,08;0;1;45637
"2180";3446,13;1;0;45658
"2181";3447,48;0;1;45685
"2182";3448,28;1;0;45701
"2183";3450,58;0;1;45747
"2184";3451,18;1;0;45759
"2185";3451,53;0;1;45766
"2186";3452,78;1;0;45791
"2187";3454,18;0;1;45819
"2188";3454,73;1;0;45830
"2189";3455,38;0;1;45843
"2190";3456,28;1;0;45861
"2191";3458,68;0;1;45909
"2192";3459,63;1;0;45928
"2193";3461,13;0;1;45958
"2194";3461,88;1;0;45973
"2195";3462,63;0;1;45988
"2196";3464,78;1;0;46031
"2197";3467,28;0;1;46081
"2198";3470,23;1;0;46140
"2199";3472,58;0;1;46187
"2200";3475,48;1;0;46245
"2201";3477,98;0;1;46295
"2202";3480,58;1;0;46347
"2203";3482,93;0;1;46394
"2204";3485,13;1;0;46438
"2205";3487,53;0;1;46486
"2206";3491,03;1;0;46556
"2207";3493,63;0;1;46608
"2208";3496,98;1;0;46675
"2209";3502,48;0;1;46785
"2210";3503,73;1;0;46810
"2211";3504,83;0;1;46832
"2212";3505,83;1;0;46852
"2213";3507,38;0;1;46883
"2214";3508,28;1;0;46901
"2215";3510,13;0;1;46938
"2216";3510,78;1;0;46951
"2217";3511,43;0;1;46964
"2218";3512,03;1;0;46976
"2219";3512,98;0;1;46995
"2220";3513,88;1;0;47013
"2221";3515,38;0;1;47043
"2222";3515,98;1;0;47055
"2223";3516,68;0;1;47069
"2224";3517,38;1;0;47083
"2225";3518,63;0;1;47108
"2226";3519,48;1;0;47125
"2227";3520,33;0;1;47142
"2228";3520,98;1;0;47155
"2229";3521,78;0;1;47171
"2230";3522,43;1;0;47184
"2231";3524,18;0;1;47219
"2232";3525,63;1;0;47248
"2233";3527,23;0;1;47280
"2234";3527,93;1;0;47294
"2235";3528,78;0;1;47311
"2236";3529,38;1;0;47323
"2237";3530,63;0;1;47348
"2238";3531,63;1;0;47368
"2239";3533,13;0;1;47398
"2240";3535,28;1;0;47441
"2241";3538,58;0;1;47507
"2242";3538,68;1;0;47509
"2243";3540,38;0;1;47543
"2244";3540,93;1;0;47554
"2245";3541,63;0;1;47568
"2246";3542,38;1;0;47583
"2247";3543,38;0;1;47603
"2248";3544,03;1;0;47616
"2249";3545,33;0;1;47642
"2250";3546,88;1;0;47673
"2251";3548,73;0;1;47710
"2252";3549,43;1;0;47724
"2253";3551,63;0;1;47768
"2254";3552,68;1;0;47789
"2255";3554,63;0;1;47828
"2256";3555,43;1;0;47844
"2257";3556,43;0;1;47864
"2258";3557,38;1;0;47883
"2259";3558,93;0;1;47914
"2260";3559,58;1;0;47927
"2261";3560,63;0;1;47948
"2262";3561,38;1;0;47963
"2263";3562,23;0;1;47980
"2264";3562,98;1;0;47995
"2265";3564,03;0;1;48016
"2266";3564,83;1;0;48032
"2267";3565,68;0;1;48049
"2268";3566,53;1;0;48066
"2269";3567,53;0;1;48086
"2270";3568,23;1;0;48100
"2271";3569,23;0;1;48120
"2272";3570,13;1;0;48138
"2273";3570,93;0;1;48154
"2274";3572,08;1;0;48177
"2275";3573,38;0;1;48203
"2276";3574,23;1;0;48220
"2277";3574,63;0;1;48228
"2278";3574,83;1;0;48232
"2279";3576,18;0;1;48259
"2280";3577,73;1;0;48290
"2281";3579,28;0;1;48321
"2282";3580,13;1;0;48338
"2283";3581,08;0;1;48357
"2284";3581,83;1;0;48372
"2285";3582,68;0;1;48389
"2286";3583,48;1;0;48405
"2287";3584,38;0;1;48423
"2288";3585,08;1;0;48437
"2289";3585,78;0;1;48451
"2290";3586,38;1;0;48463
"2291";3587,23;0;1;48480
"2292";3588,08;1;0;48497
"2293";3588,98;0;1;48515
"2294";3589,58;1;0;48527
"2295";3590,38;0;1;48543
"2296";3591,28;1;0;48561
"2297";3592,13;0;1;48578
"2298";3592,78;1;0;48591
"2299";3593,58;0;1;48607
"2300";3594,38;1;0;48623
"2301";3595,28;0;1;48641
"2302";3595,93;1;0;48654
"2303";3596,63;0;1;48668
"2304";3597,48;1;0;48685
"2305";3598,43;0;1;48704
"2306";3599,13;1;0;48718
"2307";3600,03;0;1;48736
"2308";3600,78;1;0;48751
"2309";3601,58;0;1;48767
"2310";3602,33;1;0;48782
"2311";3603,18;0;1;48799
"2312";3603,88;1;0;48813
"2313";3604,68;0;1;48829
"2314";3605,43;1;0;48844
"2315";3606,23;0;1;48860
"2316";3607,03;1;0;48876
"2317";3607,88;0;1;48893
"2318";3608,68;1;0;48909
"2319";3609,48;0;1;48925
"2320";3610,28;1;0;48941
"2321";3611,13;0;1;48958
"2322";3611,93;1;0;48974
"2323";3612,78;0;1;48991
"2324";3613,53;1;0;49006
"2325";3614,38;0;1;49023
"2326";3615,18;1;0;49039
"2327";3616,08;0;1;49057
"2328";3616,83;1;0;49072
"2329";3617,58;0;1;49087
"2330";3618,43;1;0;49104
"2331";3619,43;0;1;49124
"2332";3620,13;1;0;49138
"2333";3620,88;0;1;49153
"2334";3621,68;1;0;49169
"2335";3622,58;0;1;49187
"2336";3623,33;1;0;49202
"2337";3624,18;0;1;49219
"2338";3625,03;1;0;49236
"2339";3625,88;0;1;49253
"2340";3626,63;1;0;49268
"2341";3627,48;0;1;49285
"2342";3628,28;1;0;49301
"2343";3629,13;0;1;49318
"2344";3629,93;1;0;49334
"2345";3630,78;0;1;49351
"2346";3631,58;1;0;49367
"2347";3632,43;0;1;49384
"2348";3633,23;1;0;49400
"2349";3634,08;0;1;49417
"2350";3634,83;1;0;49432
"2351";3635,68;0;1;49449
"2352";3636,38;1;0;49463
"2353";3637,18;0;1;49479
"2354";3638,08;1;0;49497
"2355";3638,93;0;1;49514
"2356";3639,73;1;0;49530
"2357";3640,53;0;1;49546
"2358";3641,38;1;0;49563
"2359";3642,18;0;1;49579
"2360";3642,93;1;0;49594
"2361";3643,73;0;1;49610
"2362";3644,53;1;0;49626
"2363";3645,38;0;1;49643
"2364";3646,23;1;0;49660
"2365";3646,98;0;1;49675
"2366";3647,88;1;0;49693
"2367";3648,73;0;1;49710
"2368";3649,48;1;0;49725
"2369";3650,33;0;1;49742
"2370";3651,13;1;0;49758
"2371";3651,98;0;1;49775
"2372";3652,78;1;0;49791
"2373";3653,63;0;1;49808
"2374";3654,33;1;0;49822
"2375";3655,13;0;1;49838
"2376";3655,93;1;0;49854
"2377";3656,78;0;1;49871
"2378";3657,53;1;0;49886
"2379";3658,38;0;1;49903
"2380";3659,23;1;0;49920
"2381";3660,08;0;1;49937
"2382";3660,93;1;0;49954
"2383";3661,68;0;1;49969
"2384";3662,53;1;0;49986
"2385";3663,43;0;1;50004
"2386";3664,18;1;0;50019
"2387";3664,98;0;1;50035
"2388";3665,78;1;0;50051
"2389";3666,63;0;1;50068
"2390";3667,38;1;0;50083
"2391";3668,23;0;1;50100
"2392";3669,13;1;0;50118
"2393";3669,98;0;1;50135
"2394";3670,73;1;0;50150
"2395";3671,53;0;1;50166
"2396";3672,38;1;0;50183
"2397";3673,23;0;1;50200
"2398";3674,08;1;0;50217
"2399";3674,88;0;1;50233
"2400";3675,68;1;0;50249
"2401";3676,58;0;1;50267
"2402";3677,38;1;0;50283
"2403";3678,18;0;1;50299
"2404";3678,93;1;0;50314
"2405";3679,78;0;1;50331
"2406";3680,58;1;0;50347
"2407";3681,53;0;1;50366
"2408";3682,38;1;0;50383
"2409";3683,18;0;1;50399
"2410";3683,93;1;0;50414
"2411";3684,78;0;1;50431
"2412";3685,58;1;0;50447
"2413";3686,43;0;1;50464
"2414";3687,23;1;0;50480
"2415";3688,08;0;1;50497
"2416";3688,98;1;0;50515
"2417";3689,78;0;1;50531
"2418";3690,58;1;0;50547
"2419";3691,43;0;1;50564
"2420";3692,13;1;0;50578
"2421";3692,93;0;1;50594
"2422";3693,88;1;0;50613
"2423";3694,73;0;1;50630
"2424";3695,48;1;0;50645
"2425";3696,33;0;1;50662
"2426";3697,18;1;0;50679
"2427";3698,03;0;1;50696
"2428";3698,83;1;0;50712
"2429";3699,63;0;1;50728
"2430";3700,48;1;0;50745
"2431";3701,28;0;1;50761
"2432";3702,13;1;0;50778
"2433";3702,93;0;1;50794
"2434";3703,73;1;0;50810
"2435";3704,53;0;1;50826
"2436";3705,28;1;0;50841
"2437";3706,03;0;1;50856
"2438";3706,83;1;0;50872
"2439";3707,63;0;1;50888
"2440";3708,28;1;0;50901
"2441";3709,08;0;1;50917
"2442";3709,78;1;0;50931
"2443";3710,48;0;1;50945
"2444";3711,28;1;0;50961
"2445";3712,13;0;1;50978
"2446";3712,93;1;0;50994
"2447";3713,73;0;1;51010
"2448";3714,53;1;0;51026
"2449";3715,38;0;1;51043
"2450";3716,28;1;0;51061
"2451";3717,08;0;1;51077
"2452";3717,83;1;0;51092
"2453";3718,58;0;1;51107
"2454";3719,43;1;0;51124
"2455";3720,28;0;1;51141
"2456";3721,08;1;0;51157
"2457";3721,93;0;1;51174
"2458";3722,73;1;0;51190
"2459";3723,53;0;1;51206
"2460";3724,38;1;0;51223
"2461";3725,28;0;1;51241
"2462";3726,03;1;0;51256
"2463";3726,83;0;1;51272
"2464";3727,68;1;0;51289
"2465";3728,48;0;1;51305
"2466";3729,38;1;0;51323
"2467";3730,23;0;1;51340
"2468";3731,08;1;0;51357
"2469";3731,88;0;1;51373
"2470";3732,63;1;0;51388
"2471";3733,38;0;1;51403
"2472";3734,28;1;0;51421
"2473";3735,13;0;1;51438
"2474";3735,98;1;0;51455
"2475";3736,83;0;1;51472
"2476";3737,73;1;0;51490
"2477";3738,63;0;1;51508
"2478";3739,43;1;0;51524
"2479";3740,18;0;1;51539
"2480";3740,93;1;0;51554
"2481";3741,78;0;1;51571
"2482";3742,58;1;0;51587
"2483";3743,33;0;1;51602
"2484";3744,18;1;0;51619
"2485";3745,03;0;1;51636
"2486";3745,73;1;0;51650
"2487";3746,53;0;1;51666
"2488";3747,43;1;0;51684
"2489";3748,23;0;1;51700
"2490";3749,08;1;0;51717
"2491";3749,88;0;1;51733
"2492";3750,63;1;0;51748
"2493";3751,48;0;1;51765
"2494";3752,38;1;0;51783
"2495";3753,18;0;1;51799
"2496";3753,98;1;0;51815
"2497";3754,83;0;1;51832
"2498";3755,58;1;0;51847
"2499";3756,43;0;1;51864
"2500";3757,18;1;0;51879
"2501";3758,08;0;1;51897
"2502";3758,88;1;0;51913
"2503";3759,73;0;1;51930
"2504";3760,53;1;0;51946
"2505";3761,28;0;1;51961
"2506";3761,98;1;0;51975
"2507";3762,78;0;1;51991
"2508";3763,68;1;0;52009
"2509";3764,53;0;1;52026
"2510";3765,13;1;0;52038
"2511";3765,78;0;1;52051
"2512";3766,58;1;0;52067
"2513";3767,28;0;1;52081
"2514";3767,93;1;0;52094
"2515";3768,68;0;1;52109
"2516";3769,48;1;0;52125
"2517";3770,28;0;1;52141
"2518";3771,08;1;0;52157
"2519";3771,83;0;1;52172
"2520";3772,58;1;0;52187
"2521";3773,38;0;1;52203
"2522";3774,18;1;0;52219
"2523";3774,93;0;1;52234
"2524";3775,78;1;0;52251
"2525";3776,63;0;1;52268
"2526";3777,48;1;0;52285
"2527";3778,28;0;1;52301
"2528";3779,18;1;0;52319
"2529";3779,88;0;1;52333
"2530";3780,68;1;0;52349
"2531";3781,38;0;1;52363
"2532";3781,93;1;0;52374
"2533";3782,58;0;1;52387
"2534";3783,23;1;0;52400
"2535";3784,08;0;1;52417
"2536";3784,88;1;0;52433
"2537";3785,63;0;1;52448
"2538";3786,43;1;0;52464
"2539";3787,28;0;1;52481
"2540";3788,13;1;0;52498
"2541";3789,08;0;1;52517
"2542";3789,83;1;0;52532
"2543";3790,63;0;1;52548
"2544";3791,38;1;0;52563
"2545";3792,18;0;1;52579
"2546";3792,98;1;0;52595
"2547";3793,73;0;1;52610
"2548";3794,58;1;0;52627
"2549";3795,43;0;1;52644
"2550";3796,13;1;0;52658
"2551";3796,93;0;1;52674
"2552";3797,83;1;0;52692
"2553";3798,63;0;1;52708
"2554";3799,28;1;0;52721
"2555";3800,03;0;1;52736
"2556";3800,73;1;0;52750
"2557";3801,28;0;1;52761
"2558";3801,93;1;0;52774
"2559";3802,73;0;1;52790
"2560";3803,53;1;0;52806
"2561";3804,28;0;1;52821
"2562";3805,03;1;0;52836
"2563";3805,78;0;1;52851
"2564";3806,58;1;0;52867
"2565";3807,28;0;1;52881
"2566";3807,93;1;0;52894
"2567";3808,73;0;1;52910
"2568";3809,38;1;0;52923
"2569";3810,03;0;1;52936
"2570";3810,63;1;0;52948
"2571";3811,23;0;1;52960
"2572";3811,78;1;0;52971
"2573";3812,33;0;1;52982
"2574";3812,88;1;0;52993
"2575";3813,88;0;1;53013
"2576";3814,48;1;0;53025
"2577";3815,28;0;1;53041
"2578";3815,88;1;0;53053
"2579";3816,53;0;1;53066
"2580";3817,23;1;0;53080
"2581";3818,08;0;1;53097
"2582";3818,93;1;0;53114
"2583";3819,78;0;1;53131
"2584";3820,48;1;0;53145
"2585";3821,23;0;1;53160
"2586";3822,13;1;0;53178
"2587";3823,13;0;1;53198
"2588";3824,38;1;0;53223
"2589";3825,43;0;1;53244
"2590";3826,18;1;0;53259
"2591";3827,18;0;1;53279
"2592";3828,53;1;0;53306
"2593";3829,73;0;1;53330
"2594";3830,03;1;0;53336
"2595";3830,28;0;1;53341
"2596";3831,33;1;0;53362
"2597";3832,33;0;1;53382
"2598";3833,28;1;0;53401
"2599";3834,43;0;1;53424
"2600";3835,68;1;0;53449
"2601";3837,28;0;1;53481
"2602";3838,78;1;0;53511
"2603";3840,28;0;1;53541
"2604";3841,78;1;0;53571
"2605";3842,63;0;1;53588
"2606";3843,93;1;0;53614
"2607";3845,13;0;1;53638
"2608";3846,28;1;0;53661
"2609";3847,28;0;1;53681
"2610";3848,28;1;0;53701
"2611";3849,58;0;1;53727
"2612";3851,43;1;0;53764
"2613";3852,83;0;1;53792
"2614";3853,98;1;0;53815
"2615";3854,78;0;1;53831
"2616";3855,53;1;0;53846
"2617";3856,23;0;1;53860
"2618";3856,88;1;0;53873
"2619";3857,58;0;1;53887
"2620";3858,43;1;0;53904
"2621";3859,23;0;1;53920
"2622";3859,83;1;0;53932
"2623";3860,48;0;1;53945
"2624";3861,13;1;0;53958
"2625";3861,88;0;1;53973
"2626";3862,58;1;0;53987
"2627";3863,33;0;1;54002
"2628";3863,98;1;0;54015
"2629";3864,43;0;1;54024
"2630";3864,93;1;0;54034
"2631";3865,43;0;1;54044
"2632";3865,83;1;0;54052
"2633";3866,58;0;1;54067
"2634";3867,23;1;0;54080
"2635";3868,78;0;1;54111
"2636";3869,53;1;0;54126
"2637";3870,18;0;1;54139
"2638";3870,83;1;0;54152
"2639";3871,38;0;1;54163
"2640";3871,98;1;0;54175
"2641";3872,88;0;1;54193
"2642";3873,83;1;0;54212
"2643";3875,13;0;1;54238
"2644";3875,28;1;0;54241
"2645";3875,83;0;1;54252
"2646";3876,38;1;0;54263
"2647";3879,68;0;1;54329
"2648";3880,53;1;0;54346
"2649";3881,18;0;1;54359
"2650";3882,03;1;0;54376
"2651";3883,48;0;1;54405
"2652";3884,18;1;0;54419
"2653";3885,03;0;1;54436
"2654";3885,68;1;0;54449
"2655";3886,33;0;1;54462
"2656";3886,88;1;0;54473
"2657";3887,53;0;1;54486
"2658";3888,13;1;0;54498
"2659";3888,93;0;1;54514
"2660";3889,63;1;0;54528
"2661";3890,58;0;1;54547
"2662";3891,23;1;0;54560
"2663";3891,88;0;1;54573
"2664";3892,48;1;0;54585
"2665";3893,13;0;1;54598
"2666";3893,98;1;0;54615
"2667";3895,18;0;1;54639
"2668";3895,88;1;0;54653
"2669";3897,28;0;1;54681
"2670";3898,28;1;0;54701
"2671";3899,93;0;1;54734
"2672";3900,63;1;0;54748
"2673";3901,58;0;1;54767
"2674";3902,53;1;0;54786
"2675";3903,83;0;1;54812
"2676";3904,88;1;0;54833
"2677";3906,18;0;1;54859
"2678";3907,33;1;0;54882
"2679";3908,68;0;1;54909
"2680";3909,73;1;0;54930
"2681";3910,93;0;1;54954
"2682";3911,88;1;0;54973
"2683";3913,48;0;1;55005
"2684";3914,83;1;0;55032
"2685";3916,68;0;1;55069
"2686";3919,33;1;0;55122
"2687";3919,73;0;1;55130
"2688";3920,13;1;0;55138
"2689";3920,48;0;1;55145
"2690";3920,83;1;0;55152
"2691";3923,18;0;1;55199
"2692";3925,78;1;0;55251
"2693";3926,18;0;1;55259
"2694";3926,63;1;0;55268
"2695";3926,98;0;1;55275
"2696";3927,33;1;0;55282
"2697";3929,68;0;1;55329
"2698";3932,68;1;0;55389
"2699";3932,73;0;1;55390
"2700";3933,03;1;0;55396
"2701";3933,38;0;1;55403
"2702";3933,73;1;0;55410
"2703";3936,38;0;1;55463
"2704";3937,33;1;0;55482
"2705";3937,83;0;1;55492
"2706";3939,08;1;0;55517
"2707";3939,93;0;1;55534
"2708";3940,58;1;0;55547
"2709";3941,23;0;1;55560
"2710";3941,83;1;0;55572
"2711";3942,83;0;1;55592
"2712";3943,93;1;0;55614
"2713";3945,18;0;1;55639
