"";"x"
"1";1248,831
"2";1249,134
"3";1249,479
"4";1249,852
"5";1250,383
"6";1250,715
"7";1251,088
"8";1251,62
"9";1251,993
"10";1252,356
"11";1252,655
"12";1253,049
"13";1253,554
"14";1253,927
"15";1254,258
"16";1254,687
"17";1254,976
"18";1255,377
"19";1255,826
"20";1256,198
"21";1256,529
"22";1257,019
"23";1257,494
"24";1257,821
"25";1258,199
"26";1258,688
"27";1258,973
"28";1259,406
"29";1259,983
"30";1260,3
"31";1260,645
"32";1261,019
"33";1261,219
"34";1261,523
"35";1262,082
"36";1262,33
"37";1262,805
"38";1263,118
"39";1263,523
"40";1263,897
"41";1264,327
"42";1264,919
"43";1265,148
"44";1265,437
"45";1265,884
"46";1266,141
"47";1266,43
"48";1266,729
"49";1267,455
"50";1267,856
"51";1268,071
"52";1268,504
"53";1268,793
"54";1269,209
"55";1269,67
"56";1270,043
"57";1270,445
"58";1270,734
"59";1271,163
"60";1271,466
"61";1271,886
"62";1272,185
"63";1272,577
"64";1272,922
"65";1273,24
"66";1273,855
"67";1274,229
"68";1274,579
"69";1275,144
"70";1275,503
"71";1275,802
"72";1276,166
"73";1276,637
"74";1277,169
"75";1277,603
"76";1277,934
"77";1278,321
"78";1278,652
"79";1278,9
"80";1279,473
"81";1280,065
"82";1280,569
"83";1281,115
"84";1281,652
"85";1282,198
"86";1282,744
"87";1283,276
"88";1283,813
"89";1284,332
"90";1284,91
"91";1285,442
"92";1285,932
"93";1286,493
"94";1287,043
"95";1287,589
"96";1288,065
"97";1288,597
"98";1289,131
"99";1289,724
"100";1290,242
"101";1290,788
"102";1291,334
"103";1291,884
"104";1292,389
"105";1292,906
"106";1293,438
"107";1293,97
"108";1294,488
"109";1295,007
"110";1295,552
"111";1296,076
"112";1296,608
"113";1297,127
"114";1297,673
"115";1298,204
"116";1298,768
"117";1299,286
"118";1299,832
"119";1300,364
"120";1300,881
"121";1301,399
"122";1301,931
"123";1302,453
"124";1302,999
"125";1303,519
"126";1304,065
"127";1304,583
"128";1305,12
"129";1305,652
"130";1306,169
"131";1306,701
"132";1307,247
"133";1307,766
"134";1308,284
"135";1308,82
"136";1309,366
"137";1309,842
"138";1310,391
"139";1310,909
"140";1311,427
"141";1311,992
"142";1312,524
"143";1313,014
"144";1313,546
"145";1314,063
"146";1314,595
"147";1315,126
"148";1315,658
"149";1316,182
"150";1317,069
"151";1318,654
"152";1320,3
"153";1321,484
"154";1322,532
"155";1323,041
"156";1323,544
"157";1324,118
"158";1324,593
"159";1325,152
"160";1325,684
"161";1326,205
"162";1326,751
"163";1327,282
"164";1327,785
"165";1328,303
"166";1328,824
"167";1329,388
"168";1329,919
"169";1330,409
"170";1330,954
"171";1331,458
"172";1332,018
"173";1332,564
"174";1333,026
"175";1333,605
"176";1334,123
"177";1334,654
"178";1335,158
"179";1335,703
"180";1336,194
"181";1336,67
"182";1336,959
"183";1337,402
"184";1337,794
"185";1338,195
"186";1338,6
"187";1339,001
"188";1339,417
"189";1339,808
"190";1340,195
"191";1340,596
"192";1341,002
"193";1341,388
"194";1341,776
"195";1342,181
"196";1342,568
"197";1342,955
"198";1343,348
"199";1343,735
"200";1344,113
"201";1344,515
"202";1344,916
"203";1345,293
"204";1345,694
"205";1346,095
"206";1346,501
"207";1346,888
"208";1347,275
"209";1347,666
"210";1348,067
"211";1348,468
"212";1348,86
"213";1349,247
"214";1349,648
"215";1350,04
"216";1350,458
"217";1350,849
"218";1351,25
"219";1351,641
"220";1352,042
"221";1352,443
"222";1352,834
"223";1353,221
"224";1353,636
"225";1354,027
"226";1354,428
"227";1354,816
"228";1355,208
"229";1355,595
"230";1355,996
"231";1356,387
"232";1356,774
"233";1357,175
"234";1357,553
"235";1357,955
"236";1358,346
"237";1358,733
"238";1359,133
"239";1359,525
"240";1359,926
"241";1360,326
"242";1360,719
"243";1361,106
"244";1361,492
"245";1361,869
"246";1362,256
"247";1362,657
"248";1363,048
"249";1363,435
"250";1363,837
"251";1364,227
"252";1364,614
"253";1365,003
"254";1365,409
"255";1365,796
"256";1366,202
"257";1366,589
"258";1366,975
"259";1367,363
"260";1367,754
"261";1368,141
"262";1368,531
"263";1368,922
"264";1369,295
"265";1369,682
"266";1370,069
"267";1370,386
"268";1370,833
"269";1371,22
"270";1371,597
"271";1371,987
"272";1372,374
"273";1372,765
"274";1373,152
"275";1373,524
"276";1373,916
"277";1374,289
"278";1374,676
"279";1375,048
"280";1375,425
"281";1375,812
"282";1376,186
"283";1376,573
"284";1376,964
"285";1377,337
"286";1377,723
"287";1378,096
"288";1378,473
"289";1378,776
"290";1379,234
"291";1379,611
"292";1379,984
"293";1380,371
"294";1380,761
"295";1381,148
"296";1381,549
"297";1381,922
"298";1382,313
"299";1382,685
"300";1383,072
"301";1383,463
"302";1383,85
"303";1384,223
"304";1384,609
"305";1384,987
"306";1385,374
"307";1385,764
"308";1386,155
"309";1386,529
"310";1386,916
"311";1387,295
"312";1387,682
"313";1388,083
"314";1388,459
"315";1388,847
"316";1389,233
"317";1389,62
"318";1390,011
"319";1390,398
"320";1390,785
"321";1391,176
"322";1391,563
"323";1391,95
"324";1392,327
"325";1392,714
"326";1393,101
"327";1393,495
"328";1393,882
"329";1394,269
"330";1394,66
"331";1395,047
"332";1395,434
"333";1395,807
"334";1396,198
"335";1396,585
"336";1396,972
"337";1397,35
"338";1397,723
"339";1398,111
"340";1398,498
"341";1398,875
"342";1399,262
"343";1399,649
"344";1400,04
"345";1400,427
"346";1400,815
"347";1401,207
"348";1401,594
"349";1401,967
"350";1402,358
"351";1402,745
"352";1403,118
"353";1403,523
"354";1403,924
"355";1404,311
"356";1404,702
"357";1405,075
"358";1405,462
"359";1405,835
"360";1406,226
"361";1406,599
"362";1406,986
"363";1407,374
"364";1407,765
"365";1408,153
"366";1408,531
"367";1408,918
"368";1409,319
"369";1409,711
"370";1410,097
"371";1410,47
"372";1410,857
"373";1411,234
"374";1411,635
"375";1412,022
"376";1412,414
"377";1412,787
"378";1413,174
"379";1413,561
"380";1413,938
"381";1414,325
"382";1414,712
"383";1415,092
"384";1415,465
"385";1415,852
"386";1416,23
"387";1416,588
"388";1416,976
"389";1417,349
"390";1417,74
"391";1418,114
"392";1418,501
"393";1418,888
"394";1419,28
"395";1419,668
"396";1420,055
"397";1420,432
"398";1420,833
"399";1421,206
"400";1421,612
"401";1421,985
"402";1422,374
"403";1422,766
"404";1423,14
"405";1423,541
"406";1423,932
"407";1424,32
"408";1424,692
"409";1425,08
"410";1425,471
"411";1425,858
"412";1426,231
"413";1426,623
"414";1426,996
"415";1427,397
"416";1427,784
"417";1428,162
"418";1428,549
"419";1428,936
"420";1429,327
"421";1429,715
"422";1430,102
"423";1430,48
"424";1430,867
"425";1431,24
"426";1431,631
"427";1432,004
"428";1432,377
"429";1432,75
"430";1433,155
"431";1433,528
"432";1433,929
"433";1434,317
"434";1434,694
"435";1435,081
"436";1435,468
"437";1435,827
"438";1436,219
"439";1436,606
"440";1436,986
"441";1437,387
"442";1437,774
"443";1438,151
"444";1438,524
"445";1438,912
"446";1439,299
"447";1439,691
"448";1440,064
"449";1440,452
"450";1440,825
"451";1441,218
"452";1441,605
"453";1441,992
"454";1442,37
"455";1442,743
"456";1443,13
"457";1443,536
"458";1443,925
"459";1444,313
"460";1444,705
"461";1445,078
"462";1445,465
"463";1445,843
"464";1446,216
"465";1446,603
"466";1446,981
"467";1447,382
"468";1447,755
"469";1448,133
"470";1448,52
"471";1448,907
"472";1449,27
"473";1449,644
"474";1450,031
"475";1450,404
"476";1450,782
"477";1451,169
"478";1451,548
"479";1451,949
"480";1452,322
"481";1452,714
"482";1453,086
"483";1453,446
"484";1453,819
"485";1454,196
"486";1454,583
"487";1454,957
"488";1455,335
"489";1455,721
"490";1456,109
"491";1456,501
"492";1456,874
"493";1457,249
"494";1457,622
"495";1458
"496";1458,375
"497";1458,767
"498";1459,141
"499";1459,514
"500";1459,905
"501";1460,293
"502";1460,68
"503";1461,072
"504";1461,459
"505";1461,832
"506";1462,212
"507";1462,599
"508";1462,986
"509";1463,378
"510";1463,751
"511";1464,124
"512";1464,501
"513";1464,888
"514";1465,275
"515";1465,669
"516";1466,045
"517";1466,417
"518";1466,809
"519";1467,182
"520";1467,569
"521";1467,974
"522";1468,347
"523";1468,734
"524";1469,111
"525";1469,498
"526";1469,885
"527";1470,276
"528";1470,649
"529";1471,022
"530";1471,413
"531";1471,8
"532";1472,174
"533";1472,58
"534";1472,955
"535";1473,332
"536";1473,719
"537";1474,092
"538";1474,484
"539";1474,885
"540";1475,258
"541";1475,635
"542";1476,022
"543";1476,41
"544";1476,8
"545";1477,202
"546";1477,589
"547";1477,967
"548";1478,354
"549";1478,741
"550";1479,133
"551";1479,519
"552";1479,912
"553";1480,285
"554";1480,672
"555";1481,078
"556";1481,479
"557";1481,856
"558";1482,258
"559";1482,631
"560";1483,036
"561";1483,425
"562";1483,831
"563";1484,218
"564";1484,605
"565";1484,983
"566";1485,384
"567";1485,757
"568";1486,134
"569";1486,522
"570";1486,923
"571";1487,302
"572";1487,703
"573";1488,081
"574";1488,468
"575";1488,869
"576";1489,247
"577";1489,62
"578";1490,007
"579";1490,398
"580";1490,786
"581";1491,172
"582";1491,55
"583";1491,937
"584";1492,324
"585";1492,715
"586";1493,103
"587";1493,494
"588";1493,883
"589";1494,256
"590";1494,65
"591";1495,051
"592";1495,429
"593";1495,802
"594";1496,189
"595";1496,576
"596";1496,967
"597";1497,382
"598";1497,759
"599";1498,132
"600";1498,519
"601";1498,925
"602";1499,326
"603";1499,731
"604";1500,118
"605";1500,505
"606";1500,896
"607";1501,283
"608";1501,674
"609";1502,076
"610";1502,467
"611";1502,854
"612";1503,24
"613";1503,646
"614";1504,019
"615";1504,439
"616";1504,812
"617";1505,199
"618";1505,59
"619";1505,977
"620";1506,364
"621";1506,756
"622";1507,156
"623";1507,53
"624";1507,921
"625";1508,308
"626";1508,701
"627";1509,102
"628";1509,49
"629";1509,867
"630";1510,254
"631";1510,659
"632";1511,046
"633";1511,447
"634";1511,839
"635";1512,225
"636";1512,613
"637";1513,018
"638";1513,419
"639";1513,81
"640";1514,197
"641";1514,57
"642";1514,963
"643";1515,35
"644";1515,752
"645";1516,173
"646";1516,551
"647";1516,938
"648";1517,325
"649";1517,716
"650";1518,103
"651";1518,522
"652";1518,894
"653";1519,281
"654";1519,673
"655";1520,06
"656";1520,461
"657";1520,852
"658";1521,239
"659";1521,63
"660";1522,017
"661";1522,389
"662";1522,78
"663";1523,196
"664";1523,574
"665";1523,946
"666";1524,333
"667";1524,725
"668";1525,112
"669";1525,5
"670";1525,891
"671";1526,264
"672";1526,65
"673";1527,042
"674";1527,415
"675";1527,815
"676";1528,18
"677";1528,581
"678";1528,954
"679";1529,345
"680";1529,732
"681";1530,105
"682";1530,498
"683";1530,912
"684";1531,303
"685";1531,69
"686";1532,081
"687";1532,482
"688";1532,869
"689";1533,246
"690";1533,633
"691";1534,034
"692";1534,411
"693";1534,811
"694";1535,184
"695";1535,562
"696";1535,949
"697";1536,337
"698";1536,7
"699";1537,087
"700";1537,48
"701";1537,853
"702";1538,24
"703";1538,632
"704";1539,018
"705";1539,406
"706";1539,796
"707";1540,169
"708";1540,571
"709";1540,948
"710";1541,349
"711";1541,736
"712";1542,113
"713";1542,514
"714";1542,905
"715";1543,292
"716";1543,679
"717";1544,071
"718";1544,444
"719";1544,836
"720";1545,223
"721";1545,624
"722";1546,016
"723";1546,404
"724";1546,79
"725";1547,182
"726";1547,569
"727";1547,96
"728";1548,347
"729";1548,72
"730";1549,126
"731";1549,499
"732";1549,886
"733";1550,278
"734";1550,664
"735";1551,052
"736";1551,429
"737";1551,83
"738";1552,21
"739";1552,597
"740";1552,984
"741";1553,361
"742";1553,748
"743";1554,136
"744";1554,527
"745";1554,901
"746";1555,288
"747";1555,679
"748";1556,066
"749";1556,439
"750";1556,818
"751";1557,219
"752";1557,606
"753";1557,97
"754";1558,37
"755";1558,744
"756";1559,136
"757";1559,524
"758";1559,901
"759";1560,289
"760";1560,662
"761";1561,035
"762";1561,426
"763";1561,813
"764";1562,204
"765";1562,592
"766";1562,965
"767";1563,356
"768";1563,729
"769";1564,13
"770";1564,508
"771";1564,909
"772";1565,282
"773";1565,674
"774";1566,061
"775";1566,44
"776";1566,827
"777";1567,228
"778";1567,606
"779";1567,994
"780";1568,367
"781";1568,758
"782";1569,131
"783";1569,533
"784";1569,91
"785";1570,298
"786";1570,685
"787";1571,063
"788";1571,45
"789";1571,837
"790";1572,228
"791";1572,615
"792";1572,988
"793";1573,38
"794";1573,755
"795";1574,146
"796";1574,533
"797";1574,92
"798";1575,312
"799";1575,699
"800";1576,087
"801";1576,492
"802";1576,879
"803";1577,271
"804";1577,644
"805";1578,032
"806";1578,424
"807";1578,811
"808";1579,198
"809";1579,603
"810";1579,991
"811";1580,378
"812";1580,771
"813";1581,144
"814";1581,522
"815";1581,909
"816";1582,31
"817";1582,716
"818";1583,089
"819";1583,476
"820";1583,868
"821";1584,269
"822";1584,661
"823";1585,048
"824";1585,435
"825";1585,841
"826";1586,229
"827";1586,616
"828";1586,994
"829";1587,381
"830";1587,768
"831";1588,147
"832";1588,534
"833";1588,955
"834";1589,328
"835";1589,734
"836";1590,107
"837";1590,508
"838";1590,886
"839";1591,272
"840";1591,66
"841";1592,052
"842";1592,425
"843";1592,844
"844";1593,232
"845";1593,633
"846";1594,01
"847";1594,397
"848";1594,77
"849";1595,177
"850";1595,578
"851";1595,956
"852";1596,357
"853";1596,744
"854";1597,061
"855";1597,537
"856";1597,914
"857";1598,303
"858";1598,704
"859";1599,082
"860";1599,47
"861";1599,871
"862";1600,263
"863";1600,65
"864";1601,037
"865";1601,415
"866";1601,802
"867";1602,189
"868";1602,569
"869";1602,961
"870";1603,348
"871";1603,749
"872";1604,141
"873";1604,528
"874";1604,915
"875";1605,293
"876";1605,681
"877";1606,082
"878";1606,46
"879";1606,861
"880";1607,234
"881";1607,639
"882";1608,026
"883";1608,399
"884";1608,791
"885";1609,192
"886";1609,57
"887";1609,974
"888";1610,291
"889";1610,752
"890";1611,139
"891";1611,543
"892";1611,931
"893";1612,303
"894";1612,694
"895";1613,095
"896";1613,482
"897";1613,873
"898";1614,26
"899";1614,662
"900";1615,053
"901";1615,439
"902";1615,831
"903";1616,218
"904";1616,605
"905";1616,984
"906";1617,371
"907";1617,776
"908";1618,164
"909";1618,541
"910";1618,943
"911";1619,329
"912";1619,708
"913";1620,081
"914";1620,469
"915";1620,856
"916";1621,248
"917";1621,649
"918";1622,022
"919";1622,413
"920";1622,787
"921";1623,173
"922";1623,551
"923";1623,958
"924";1624,345
"925";1624,746
"926";1625,138
"927";1625,525
"928";1625,93
"929";1626,318
"930";1626,691
"931";1627,082
"932";1627,469
"933";1627,87
"934";1628,248
"935";1628,649
"936";1629,036
"937";1629,414
"938";1629,815
"939";1630,202
"940";1630,58
"941";1630,967
"942";1631,361
"943";1631,748
"944";1632,14
"945";1632,527
"946";1632,914
"947";1633,291
"948";1633,692
"949";1634,079
"950";1634,456
"951";1634,843
"952";1635,245
"953";1635,65
"954";1636,037
"955";1636,411
"956";1636,788
"957";1637,175
"958";1637,562
"959";1637,953
"960";1638,346
"961";1638,733
"962";1639,12
"963";1639,512
"964";1639,885
"965";1640,259
"966";1640,651
"967";1641,038
"968";1641,425
"969";1641,799
"970";1642,176
"971";1642,577
"972";1642,964
"973";1643,341
"974";1643,729
"975";1644,116
"976";1644,506
"977";1644,894
"978";1645,281
"979";1645,674
"980";1646,065
"981";1646,452
"982";1646,825
"983";1647,216
"984";1647,617
"985";1647,99
"986";1648,381
"987";1648,768
"988";1649,155
"989";1649,561
"990";1649,947
"991";1650,339
"992";1650,712
"993";1651,085
"994";1651,486
"995";1651,878
"996";1652,264
"997";1652,653
"998";1653,032
"999";1653,423
"1000";1653,81
"1001";1654,183
"1002";1654,574
"1003";1654,947
"1004";1655,334
"1005";1655,721
"1006";1656,098
"1007";1656,5
"1008";1656,887
"1009";1657,264
"1010";1657,651
"1011";1658,024
"1012";1658,415
"1013";1658,788
"1014";1659,189
"1015";1659,58
"1016";1659,97
"1017";1660,357
"1018";1660,748
"1019";1661,135
"1020";1661,522
"1021";1661,909
"1022";1662,3
"1023";1662,701
"1024";1663,093
"1025";1663,452
"1026";1663,853
"1027";1664,244
"1028";1664,63
"1029";1665,017
"1030";1665,422
"1031";1665,794
"1032";1666,181
"1033";1666,596
"1034";1666,974
"1035";1667,378
"1036";1667,769
"1037";1668,142
"1038";1668,542
"1039";1668,929
"1040";1669,334
"1041";1669,707
"1042";1670,109
"1043";1670,514
"1044";1670,901
"1045";1671,292
"1046";1671,679
"1047";1672,066
"1048";1672,456
"1049";1672,843
"1050";1673,23
"1051";1673,589
"1052";1673,995
"1053";1674,402
"1054";1674,775
"1055";1675,18
"1056";1675,553
"1057";1675,94
"1058";1676,359
"1059";1676,746
"1060";1677,133
"1061";1677,51
"1062";1677,924
"1063";1678,283
"1064";1678,684
"1065";1679,075
"1066";1679,475
"1067";1679,863
"1068";1680,254
"1069";1680,668
"1070";1681,042
"1071";1681,433
"1072";1681,839
"1073";1682,213
"1074";1682,627
"1075";1683,033
"1076";1683,433
"1077";1683,806
"1078";1684,212
"1079";1684,628
"1080";1685,029
"1081";1685,435
"1082";1685,835
"1083";1686,213
"1084";1686,614
"1085";1687,001
"1086";1687,406
"1087";1687,821
"1088";1688,195
"1089";1688,585
"1090";1689,003
"1091";1689,381
"1092";1689,781
"1093";1690,182
"1094";1690,588
"1095";1690,989
"1096";1691,319
"1097";1691,795
"1098";1692,197
"1099";1692,616
"1100";1692,989
"1101";1693,376
"1102";1693,767
"1103";1694,154
"1104";1694,555
"1105";1694,961
"1106";1695,349
"1107";1695,75
"1108";1696,143
"1109";1696,548
"1110";1696,921
"1111";1697,308
"1112";1697,695
"1113";1698,1
"1114";1698,473
"1115";1698,888
"1116";1699,28
"1117";1699,638
"1118";1699,997
"1119";1700,487
"1120";1700,934
"1121";1701,395
"1122";1701,769
"1123";1702,141
"1124";1702,389
"1125";1702,85
"1126";1703,183
"1127";1703,672
"1128";1704,105
"1129";1704,334
"1130";1704,968
"1131";1705,556
"1132";1706,205
"1133";1706,466
"1134";1706,783
"1135";1707,244
"1136";1707,763
"1137";1708,178
"1138";1708,537
"1139";1708,998
"1140";1709,418
"1141";1709,847
"1142";1710,399
"1143";1710,716
"1144";1711,033
"1145";1711,42
"1146";1711,784
"1147";1712,082
"1148";1712,386
"1149";1712,875
"1150";1713,351
"1151";1713,626
"1152";1714,041
"1153";1714,344
"1154";1714,633
"1155";1715,034
"1156";1715,468
"1157";1715,799
"1158";1716,13
"1159";1716,489
"1160";1716,863
"1161";1717,18
"1162";1717,469
"1163";1717,834
"1164";1718,394
"1165";1718,725
"1166";1719,085
"1167";1719,532
"1168";1719,891
"1169";1720,18
"1170";1720,609
"1171";1721,084
"1172";1721,705
"1173";1721,979
"1174";1722,338
"1175";1722,595
"1176";1723,071
"1177";1723,43
"1178";1723,966
"1179";1724,526
"1180";1725,016
"1181";1725,664
"1182";1726,041
"1183";1726,429
"1184";1726,76
"1185";1727,195
"1186";1727,596
"1187";1728,114
"1188";1728,46
"1189";1728,95
"1190";1729,183
"1191";1729,627
"1192";1729,971
"1193";1730,377
"1194";1730,737
"1195";1731,11
"1196";1731,571
"1197";1731,965
"1198";1732,496
"1199";1732,827
"1200";1733,187
"1201";1733,578
"1202";1733,882
"1203";1734,241
"1204";1734,684
"1205";1735,22
"1206";1735,579
"1207";1735,779
"1208";1736,199
"1209";1736,498
"1210";1736,828
"1211";1737,248
"1212";1737,681
"1213";1738,111
"1214";1738,517
"1215";1738,889
"1216";1739,382
"1217";1739,671
"1218";1740,03
"1219";1740,319
"1220";1740,678
"1221";1741,023
"1222";1741,368
"1223";1741,652
"1224";1742,21
"1225";1742,667
"1226";1743,002
"1227";1743,272
"1228";1743,664
"1229";1744,181
"1230";1744,815
"1231";1745,202
"1232";1745,664
"1233";1746,023
"1234";1746,411
"1235";1746,86
"1236";1747,378
"1237";1747,797
"1238";1748,227
"1239";1748,62
"1240";1749,096
"1241";1749,67
"1242";1750,235
"1243";1750,65
"1244";1751,182
"1245";1751,615
"1246";1751,96
"1247";1752,379
"1248";1753,027
"1249";1753,328
"1250";1753,88
"1251";1754,327
"1252";1754,672
"1253";1755,161
"1254";1755,72
"1255";1756,224
"1256";1756,63
"1257";1757,073
"1258";1757,478
"1259";1757,967
"1260";1758,411
"1261";1758,872
"1262";1759,391
"1263";1759,839
"1264";1760,23
"1265";1760,645
"1266";1761,226
"1267";1761,599
"1268";1761,986
"1269";1762,462
"1270";1762,737
"1271";1763,371
"1272";1763,772
"1273";1764,062
"1274";1764,696
"1275";1765,227
"1276";1765,572
"1277";1766,062
"1278";1766,449
"1279";1767,009
"1280";1767,513
"1281";1767,844
"1282";1768,408
"1283";1768,851
"1284";1769,298
"1285";1769,686
"1286";1770,046
"1287";1770,62
"1288";1771,025
"1289";1771,501
"1290";1771,93
"1291";1772,317
"1292";1772,793
"1293";1773,24
"1294";1773,712
"1295";1774,159
"1296";1774,606
"1297";1774,919
"1298";1775,41
"1299";1776,002
"1300";1776,273
"1301";1776,776
"1302";1777,452
"1303";1777,681
"1304";1778,1
"1305";1778,632
"1306";1779,234
"1307";1779,625
"1308";1780,124
"1309";1780,571
"1310";1780,987
"1311";1781,435
"1312";1781,939
"1313";1782,395
"1314";1782,704
"1315";1783,119
"1316";1783,451
"1317";1783,898
"1318";1784,215
"1319";1784,83
"1320";1785,147
"1321";1785,548
"1322";1786,051
"1323";1786,511
"1324";1786,968
"1325";1787,299
"1326";1787,774
"1327";1788,235
"1328";1788,851
"1329";1789,326
"1330";1789,876
"1331";1790,337
"1332";1790,682
"1333";1791,083
"1334";1791,642
"1335";1792,276
"1336";1792,547
"1337";1792,994
"1338";1793,465
"1339";1793,94
"1340";1794,401
"1341";1794,733
"1342";1795,105
"1343";1795,334
"1344";1795,693
"1345";1796,052
"1346";1796,34
"1347";1796,85
"1348";1797,308
"1349";1797,652
"1350";1798,043
"1351";1798,473
"1352";1798,92
"1353";1799,363
"1354";1799,68
"1355";1800,3
"1356";1800,659
"1357";1801,288
"1358";1801,791
"1359";1802,122
"1360";1802,742
"1361";1803,055
"1362";1803,401
"1363";1803,806
"1364";1804,097
"1365";1804,642
"1366";1805,201
"1367";1805,719
"1368";1806,092
"1369";1806,483
"1370";1806,94
"1371";1807,345
"1372";1807,759
"1373";1808,118
"1374";1808,491
"1375";1808,895
"1376";1809,427
"1377";1809,641
"1378";1810,13
"1379";1810,531
"1380";1810,861
"1381";1811,225
"1382";1811,626
"1383";1812,088
"1384";1812,573
"1385";1812,834
"1386";1813,206
"1387";1813,523
"1388";1813,984
"1389";1814,442
"1390";1814,833
"1391";1815,364
"1392";1815,834
"1393";1816,323
"1394";1816,827
"1395";1817,255
"1396";1817,875
"1397";1818,248
"1398";1818,898
"1399";1819,289
"1400";1819,517
"1401";1819,918
"1402";1820,393
"1403";1820,868
"1404";1821,329
"1405";1821,772
"1406";1822,233
"1407";1822,69
"1408";1823,165
"1409";1823,468
"1410";1824,083
"1411";1824,516
"1412";1825,117
"1413";1825,772
"1414";1826,014
"1415";1826,602
"1416";1827,006
"1417";1827,436
"1418";1827,981
"1419";1828,442
"1420";1828,889
"1421";1829,332
"1422";1829,751
"1423";1830,282
"1424";1830,739
"1425";1831,084
"1426";1831,634
"1427";1832,193
"1428";1832,682
"1429";1833,028
"1430";1833,546
"1431";1834,091
"1432";1834,483
"1433";1835,028
"1434";1835,499
"1435";1836,016
"1436";1836,451
"1437";1836,912
"1438";1837,383
"1439";1837,845
"1440";1838,278
"1441";1838,749
"1442";1839,267
"1443";1839,743
"1444";1840,255
"1445";1840,74
"1446";1841,275
"1447";1841,662
"1448";1842,095
"1449";1842,682
"1450";1843,013
"1451";1843,418
"1452";1843,861
"1453";1844,239
"1454";1844,44
"1455";1844,854
"1456";1845,419
"1457";1845,95
"1458";1846,397
"1459";1846,743
"1460";1847,206
"1461";1847,682
"1462";1848,056
"1463";1848,373
"1464";1848,634
"1465";1848,951
"1466";1849,441
"1467";1849,856
"1468";1850,102
"1469";1850,56
"1470";1850,91
"1471";1851,497
"1472";1851,945
"1473";1852,304
"1474";1852,663
"1475";1853,068
"1476";1853,427
"1477";1853,861
"1478";1854,234
"1479";1854,525
"1480";1854,87
"1481";1855,257
"1482";1855,807
"1483";1856,078
"1484";1856,684
"1485";1857,057
"1486";1857,346
"1487";1857,996
"1488";1858,514
"1489";1858,784
"1490";1859,204
"1491";1859,764
"1492";1860,184
"1493";1860,701
"1494";1861,219
"1495";1861,592
"1496";1862,101
"1497";1862,706
"1498";1863,195
"1499";1863,681
"1500";1864,17
"1501";1864,618
"1502";1865,177
"1503";1865,653
"1504";1866,142
"1505";1866,632
"1506";1867,108
"1507";1867,597
"1508";1868,087
"1509";1868,591
"1510";1869,088
"1511";1869,607
"1512";1870,021
"1513";1870,6
"1514";1871,104
"1515";1871,552
"1516";1872,112
"1517";1872,629
"1518";1873,175
"1519";1873,465
"1520";1873,781
"1521";1874,285
"1522";1874,817
"1523";1875,321
"1524";1875,839
"1525";1876,348
"1526";1876,809
"1527";1877,327
"1528";1877,905
"1529";1878,409
"1530";1878,899
"1531";1879,39
"1532";1879,833
"1533";1880,324
"1534";1880,841
"1535";1881,42
"1536";1881,883
"1537";1882,485
"1538";1883,03
"1539";1883,541
"1540";1884,045
"1541";1884,534
"1542";1884,968
"1543";1885,542
"1544";1885,915
"1545";1886,507
"1546";1887,011
"1547";1887,515
"1548";1888,033
"1549";1888,55
"1550";1889,087
"1551";1889,592
"1552";1890,096
"1553";1890,615
"1554";1891,118
"1555";1891,636
"1556";1892,126
"1557";1892,63
"1558";1893,078
"1559";1893,642
"1560";1894,132
"1561";1894,622
"1562";1895,037
"1563";1895,541
"1564";1896,119
"1565";1896,609
"1566";1897,126
"1567";1897,657
"1568";1898,209
"1569";1898,638
"1570";1898,871
"1571";1899,303
"1572";1899,834
"1573";1900,44
"1574";1900,902
"1575";1901,419
"1576";1901,922
"1577";1902,439
"1578";1902,9
"1579";1903,461
"1580";1903,992
"1581";1904,481
"1582";1904,991
"1583";1905,494
"1584";1905,998
"1585";1906,399
"1586";1907,047
"1587";1907,494
"1588";1908,072
"1589";1908,59
"1590";1909,108
"1591";1909,48
"1592";1910,1
"1593";1910,674
"1594";1911,268
"1595";1911,813
"1596";1912,221
"1597";1912,711
"1598";1913,215
"1599";1913,649
"1600";1914,195
"1601";1914,773
"1602";1915,174
"1603";1915,836
"1604";1916,354
"1605";1916,872
"1606";1917,361
"1607";1917,837
"1608";1918,401
"1609";1918,933
"1610";1919,452
"1611";1919,885
"1612";1920,445
"1613";1920,962
"1614";1921,397
"1615";1921,975
"1616";1922,493
"1617";1923,024
"1618";1923,397
"1619";1923,7
"1620";1924,074
"1621";1924,596
"1622";1925,128
"1623";1925,416
"1624";1925,845
"1625";1926,177
"1626";1926,715
"1627";1927,246
"1628";1927,75
"1629";1928,281
"1630";1928,813
"1631";1929,35
"1632";1929,895
"1633";1930,11
"1634";1930,571
"1635";1931,004
"1636";1931,564
"1637";1931,853
"1638";1932,227
"1639";1932,543
"1640";1933,047
"1641";1933,61
"1642";1934,074
"1643";1934,476
"1644";1935,049
"1645";1935,511
"1646";1936,06
"1647";1936,475
"1648";1936,88
"1649";1937,383
"1650";1937,971
"1651";1938,521
"1652";1939,108
"1653";1939,658
"1654";1940,19
"1655";1940,708
"1656";1941,128
"1657";1941,701
"1658";1942,28
"1659";1942,84
"1660";1943,358
"1661";1943,875
"1662";1944,392
"1663";1944,9
"1664";1945,39
"1665";1945,861
"1666";1946,308
"1667";1946,84
"1668";1947,344
"1669";1947,851
"1670";1948,343
"1671";1948,801
"1672";1949,29
"1673";1949,812
"1674";1950,346
"1675";1950,849
"1676";1951,366
"1677";1951,884
"1678";1952,401
"1679";1952,891
"1680";1953,395
"1681";1953,93
"1682";1954,42
"1683";1954,69
"1684";1955,035
"1685";1955,4
"1686";1955,876
"1687";1956,305
"1688";1956,855
"1689";1957,386
"1690";1957,801
"1691";1958,365
"1692";1958,854
"1693";1959,287
"1694";1959,847
"1695";1960,336
"1696";1960,942
"1697";1961,46
"1698";1961,977
"1699";1962,522
"1700";1963,044
"1701";1963,534
"1702";1964,136
"1703";1964,686
"1704";1965,231
"1705";1965,749
"1706";1966,266
"1707";1966,77
"1708";1967,231
"1709";1967,809
"1710";1968,252
"1711";1968,815
"1712";1969,319
"1713";1969,65
"1714";1969,969
"1715";1970,528
"1716";1970,892
"1717";1971,395
"1718";1971,899
"1719";1972,43
"1720";1972,947
"1721";1973,525
"1722";1973,969
"1723";1974,487
"1724";1974,893
"1725";1975,307
"1726";1975,685
"1727";1976,058
"1728";1976,445
"1729";1976,79
"1730";1977,114
"1731";1977,645
"1732";1978,177
"1733";1978,769
"1734";1979,226
"1735";1979,575
"1736";1979,874
"1737";1980,251
"1738";1980,81
"1739";1981,328
"1740";1981,761
"1741";1982,335
"1742";1982,625
"1743";1982,984
"1744";1983,375
"1745";1983,818
"1746";1984,427
"1747";1984,962
"1748";1985,363
"1749";1985,736
"1750";1986,011
"1751";1986,617
"1752";1987,148
"1753";1987,452
"1754";1987,681
"1755";1988,343
"1756";1988,617
"1757";1989,177
"1758";1989,727
"1759";1990,314
"1760";1990,921
"1761";1991,483
"1762";1991,772
"1763";1992,117
"1764";1992,579
"1765";1992,84
"1766";1993,269
"1767";1993,702
"1768";1993,959
"1769";1994,449
"1770";1994,87
"1771";1995,173
"1772";1995,761
"1773";1996,064
"1774";1996,367
"1775";1996,987
"1776";1997,403
"1777";1997,967
"1778";1998,285
"1779";1998,749
"1780";1999,005
"1781";1999,323
"1782";1999,612
"1783";1999,943
"1784";2000,26
"1785";2000,69
"1786";2001,021
"1787";2001,398
"1788";2002
"1789";2002,523
"1790";2003,026
"1791";2003,517
"1792";2004,09
"1793";2004,594
"1794";2005,2
"1795";2005,754
"1796";2006,258
"1797";2006,789
"1798";2007,377
"1799";2007,927
"1800";2008,459
"1801";2009,019
"1802";2009,555
"1803";2010,087
"1804";2010,632
"1805";2011,183
"1806";2011,715
"1807";2012,26
"1808";2012,806
"1809";2013,37
"1810";2013,889
"1811";2014,439
"1812";2014,971
"1813";2015,489
"1814";2016,05
"1815";2016,586
"1816";2017,104
"1817";2017,636
"1818";2018,168
"1819";2018,671
"1820";2019,208
"1821";2019,782
"1822";2020,318
"1823";2020,855
"1824";2021,386
"1825";2021,862
"1826";2022,436
"1827";2022,972
"1828";2023,517
"1829";2023,979
"1830";2024,552
"1831";2025,098
"1832";2025,649
"1833";2026,166
"1834";2026,685
"1835";2027,189
"1836";2027,755
"1837";2028,244
"1838";2028,818
"1839";2029,308
"1840";2029,886
"1841";2030,418
"1842";2030,908
"1843";2031,426
"1844";2031,989
"1845";2032,465
"1846";2033,039
"1847";2033,585
"1848";2034,107
"1849";2034,626
"1850";2035,172
"1851";2035,703
"1852";2036,208
"1853";2036,716
"1854";2037,235
"1855";2037,725
"1856";2038,313
"1857";2038,775
"1858";2039,34
"1859";2039,811
"1860";2040,417
"1861";2040,92
"1862";2041,453
"1863";2041,963
"1864";2042,406
"1865";2043,038
"1866";2043,541
"1867";2044,101
"1868";2044,619
"1869";2045,122
"1870";2045,644
"1871";2046,218
"1872";2046,722
"1873";2047,253
"1874";2047,805
"1875";2048,323
"1876";2048,813
"1877";2049,374
"1878";2049,911
"1879";2050,414
"1880";2050,918
"1881";2051,464
"1882";2052,01
"1883";2052,574
"1884";2053,078
"1885";2053,624
"1886";2054,128
"1887";2054,692
"1888";2055,239
"1889";2055,756
"1890";2056,28
"1891";2056,77
"1892";2057,358
"1893";2057,848
"1894";2058,395
"1895";2058,946
"1896";2059,478
"1897";2059,996
"1898";2060,547
"1899";2061,05
"1900";2061,555
"1901";2062,058
"1902";2062,591
"1903";2063,165
"1904";2063,629
"1905";2064,194
"1906";2064,725
"1907";2065,271
"1908";2065,794
"1909";2066,339
"1910";2066,815
"1911";2067,361
"1912";2067,893
"1913";2068,444
"1914";2068,963
"1915";2069,496
"1916";2070,027
"1917";2070,503
"1918";2071,084
"1919";2071,616
"1920";2072,121
"1921";2072,685
"1922";2073,189
"1923";2073,721
"1924";2074,224
"1925";2074,742
"1926";2075,274
"1927";2075,852
"1928";2076,356
"1929";2076,901
"1930";2077,479
"1931";2077,998
"1932";2078,502
"1933";2079,053
"1934";2079,599
"1935";2080,117
"1936";2080,607
"1937";2081,139
"1938";2081,703
"1939";2082,193
"1940";2082,766
"1941";2083,27
"1942";2083,806
"1943";2084,324
"1944";2084,884
"1945";2085,418
"1946";2085,907
"1947";2086,471
"1948";2086,989
"1949";2087,492
"1950";2088,056
"1951";2088,588
"1952";2089,063
"1953";2089,623
"1954";2090,147
"1955";2090,666
"1956";2091,202
"1957";2091,748
"1958";2092,28
"1959";2092,758
"1960";2093,309
"1961";2093,798
"1962";2094,371
"1963";2094,847
"1964";2095,407
"1965";2095,97
"1966";2096,431
"1967";2096,977
"1968";2097,522
"1969";2098,026
"1970";2098,604
"1971";2099,163
"1972";2099,639
"1973";2100,204
"1974";2100,694
"1975";2101,254
"1976";2101,803
"1977";2102,307
"1978";2102,838
"1979";2103,341
"1980";2103,915
"1981";2104,464
"1982";2104,94
"1983";2105,457
"1984";2106,045
"1985";2106,535
"1986";2107,115
"1987";2107,59
"1988";2108,182
"1989";2108,7
"1990";2109,245
"1991";2109,721
"1992";2110,266
"1993";2110,831
"1994";2111,336
"1995";2111,853
"1996";2112,413
"1997";2112,977
"1998";2113,466
"1999";2114,043
"2000";2114,546
"2001";2115,054
"2002";2115,628
"2003";2116,173
"2004";2116,677
"2005";2117,227
"2006";2117,745
"2007";2118,305
"2008";2118,808
"2009";2119,373
"2010";2119,904
"2011";2120,394
"2012";2120,954
"2013";2121,505
"2014";2121,995
"2015";2122,499
"2016";2123,058
"2017";2123,594
"2018";2124,111
"2019";2124,643
"2020";2125,147
"2021";2125,678
"2022";2126,214
"2023";2126,746
"2024";2127,334
"2025";2127,809
"2026";2128,348
"2027";2128,936
"2028";2129,425
"2029";2129,975
"2030";2130,52
"2031";2130,996
"2032";2131,556
"2033";2132,074
"2034";2132,583
"2035";2133,157
"2036";2133,661
"2037";2134,193
"2038";2134,742
"2039";2135,26
"2040";2135,766
"2041";2136,345
"2042";2136,849
"2043";2137,381
"2044";2137,913
"2045";2138,477
"2046";2138,949
"2047";2139,541
"2048";2140,031
"2049";2140,591
"2050";2141,094
"2051";2141,687
"2052";2142,177
"2053";2142,76
"2054";2143,278
"2055";2143,838
"2056";2144,342
"2057";2144,878
"2058";2145,438
"2059";2145,9
"2060";2146,446
"2061";2146,964
"2062";2147,5
"2063";2148,032
"2064";2148,578
"2065";2149,096
"2066";2149,632
"2067";2150,15
"2068";2150,696
"2069";2151,214
"2070";2151,82
"2071";2152,324
"2072";2152,871
"2073";2153,348
"2074";2153,94
"2075";2154,472
"2076";2154,99
"2077";2155,508
"2078";2156,044
"2079";2156,591
"2080";2157,129
"2081";2157,601
"2082";2158,137
"2083";2158,656
"2084";2159,203
"2085";2159,726
"2086";2160,278
"2087";2160,824
"2088";2161,356
"2089";2161,846
"2090";2162,392
"2091";2162,929
"2092";2163,491
"2093";2163,995
"2094";2164,501
"2095";2165,065
"2096";2165,626
"2097";2166,143
"2098";2166,666
"2099";2167,24
"2100";2167,786
"2101";2168,308
"2102";2168,798
"2103";2169,33
"2104";2169,918
"2105";2170,408
"2106";2170,986
"2107";2171,476
"2108";2172,055
"2109";2172,527
"2110";2173,091
"2111";2173,665
"2112";2174,17
"2113";2174,66
"2114";2175,197
"2115";2175,715
"2116";2176,276
"2117";2176,854
"2118";2177,344
"2119";2177,918
"2120";2178,483
"2121";2179,232
"2122";2179,563
"2123";2180,054
"2124";2180,632
"2125";2181,02
"2126";2181,352
"2127";2181,902
"2128";2182,201
"2129";2182,836
"2130";2183,181
"2131";2183,526
"2132";2184,207
"2133";2184,423
"2134";2184,824
"2135";2185,243
"2136";2185,56
"2137";2185,978
"2138";2186,331
"2139";2186,718
"2140";2187,207
"2141";2187,711
"2142";2188,214
"2143";2188,774
"2144";2189,151
"2145";2189,51
"2146";2189,767
"2147";2190,359
"2148";2190,746
"2149";2191,007
"2150";2191,684
"2151";2191,899
"2152";2192,318
"2153";2192,691
"2154";2193,079
"2155";2193,457
"2156";2193,671
"2157";2194,091
"2158";2194,567
"2159";2194,842
"2160";2195,216
"2161";2195,692
"2162";2196,196
"2163";2196,658
"2164";2197,13
"2165";2197,633
"2166";2197,894
"2167";2198,441
"2168";2198,744
"2169";2199,089
"2170";2199,681
"2171";2200,096
"2172";2200,501
"2173";2201,109
"2174";2201,44
"2175";2201,986
"2176";2202,434
"2177";2202,695
"2178";2203,166
"2179";2203,586
"2180";2204,034
"2181";2204,622
"2182";2205,126
"2183";2205,616
"2184";2206,08
"2185";2206,57
"2186";2206,873
"2187";2207,157
"2188";2207,675
"2189";2208,129
"2190";2208,632
"2191";2209,15
"2192";2209,482
"2193";2209,799
"2194";2210,359
"2195";2210,709
"2196";2211,039
"2197";2211,441
"2198";2211,787
"2199";2212,319
"2200";2213,009
"2201";2213,457
"2202";2213,848
"2203";2214,161
"2204";2214,45
"2205";2214,856
"2206";2215,244
"2207";2215,678
"2208";2216,066
"2209";2216,472
"2210";2216,874
"2211";2217,265
"2212";2217,666
"2213";2218,067
"2214";2218,473
"2215";2218,86
"2216";2219,265
"2217";2219,667
"2218";2220,058
"2219";2220,445
"2220";2220,832
"2221";2221,205
"2222";2221,596
"2223";2221,984
"2224";2222,378
"2225";2222,752
"2226";2223,157
"2227";2223,53
"2228";2223,918
"2229";2224,309
"2230";2224,696
"2231";2225,083
"2232";2225,474
"2233";2225,862
"2234";2226,249
"2235";2226,641
"2236";2227,015
"2237";2227,421
"2238";2227,795
"2239";2228,195
"2240";2228,561
"2241";2228,953
"2242";2229,34
"2243";2229,719
"2244";2230,106
"2245";2230,493
"2246";2230,871
"2247";2231,174
"2248";2231,617
"2249";2232,009
"2250";2232,381
"2251";2232,769
"2252";2233,147
"2253";2233,533
"2254";2233,921
"2255";2234,299
"2256";2234,7
"2257";2235,073
"2258";2235,451
"2259";2235,852
"2260";2236,225
"2261";2236,604
"2262";2236,991
"2263";2237,364
"2264";2237,756
"2265";2238,143
"2266";2238,516
"2267";2238,908
"2268";2239,267
"2269";2239,654
"2270";2240,031
"2271";2240,404
"2272";2240,791
"2273";2241,164
"2274";2241,541
"2275";2241,914
"2276";2242,287
"2277";2242,646
"2278";2243,009
"2279";2243,396
"2280";2243,776
"2281";2244,149
"2282";2244,522
"2283";2244,895
"2284";2245,3
"2285";2245,674
"2286";2246,047
"2287";2246,438
"2288";2246,811
"2289";2247,184
"2290";2247,562
"2291";2247,95
"2292";2248,337
"2293";2248,714
"2294";2249,087
"2295";2249,46
"2296";2249,833
"2297";2250,211
"2298";2250,584
"2299";2250,943
"2300";2251,323
"2301";2251,682
"2302";2252,055
"2303";2252,428
"2304";2252,805
"2305";2253,178
"2306";2253,537
"2307";2253,91
"2308";2254,288
"2309";2254,661
"2310";2255,049
"2311";2255,412
"2312";2255,771
"2313";2256,158
"2314";2256,504
"2315";2256,895
"2316";2257,268
"2317";2257,627
"2318";2258,015
"2319";2258,378
"2320";2258,752
"2321";2259,126
"2322";2259,503
"2323";2259,876
"2324";2260,25
"2325";2260,609
"2326";2260,986
"2327";2261,359
"2328";2261,732
"2329";2262,105
"2330";2262,483
"2331";2262,87
"2332";2263,243
"2333";2263,621
"2334";2263,979
"2335";2264,353
"2336";2264,726
"2337";2265,103
"2338";2265,479
"2339";2265,853
"2340";2266,23
"2341";2266,603
"2342";2266,977
"2343";2267,354
"2344";2267,727
"2345";2268,1
"2346";2268,474
"2347";2268,851
"2348";2269,212
"2349";2269,585
"2350";2269,972
"2351";2270,364
"2352";2270,723
"2353";2271,111
"2354";2271,488
"2355";2271,875
"2356";2272,248
"2357";2272,615
"2358";2272,988
"2359";2273,375
"2360";2273,753
"2361";2274,126
"2362";2274,513
"2363";2274,891
"2364";2275,25
"2365";2275,581
"2366";2276,011
"2367";2276,403
"2368";2276,776
"2369";2277,149
"2370";2277,513
"2371";2277,9
"2372";2278,259
"2373";2278,646
"2374";2279,024
"2375";2279,411
"2376";2279,779
"2377";2280,152
"2378";2280,526
"2379";2280,899
"2380";2281,277
"2381";2281,65
"2382";2282,01
"2383";2282,397
"2384";2282,775
"2385";2283,148
"2386";2283,521
"2387";2283,899
"2388";2284,286
"2389";2284,66
"2390";2285,004
"2391";2285,382
"2392";2285,756
"2393";2286,129
"2394";2286,517
"2395";2286,881
"2396";2287,269
"2397";2287,647
"2398";2287,992
"2399";2288,38
"2400";2288,739
"2401";2289,131
"2402";2289,504
"2403";2289,877
"2404";2290,238
"2405";2290,629
"2406";2290,989
"2407";2291,376
"2408";2291,749
"2409";2292,127
"2410";2292,5
"2411";2292,873
"2412";2293,251
"2413";2293,61
"2414";2294,011
"2415";2294,376
"2416";2294,75
"2417";2295,137
"2418";2295,496
"2419";2295,887
"2420";2296,261
"2421";2296,634
"2422";2297,012
"2423";2297,399
"2424";2297,758
"2425";2298,117
"2426";2298,515
"2427";2298,889
"2428";2299,262
"2429";2299,626
"2430";2300
"2431";2300,373
"2432";2300,78
"2433";2301,154
"2434";2301,516
"2435";2301,889
"2436";2302,267
"2437";2302,641
"2438";2303,028
"2439";2303,378
"2440";2303,752
"2441";2304,139
"2442";2304,513
"2443";2304,904
"2444";2305,292
"2445";2305,665
"2446";2306,043
"2447";2306,416
"2448";2306,79
"2449";2307,167
"2450";2307,569
"2451";2307,928
"2452";2308,302
"2453";2308,694
"2454";2309,069
"2455";2309,446
"2456";2309,847
"2457";2310,221
"2458";2310,58
"2459";2310,986
"2460";2311,36
"2461";2311,734
"2462";2312,126
"2463";2312,498
"2464";2312,872
"2465";2313,25
"2466";2313,623
"2467";2314,01
"2468";2314,402
"2469";2314,762
"2470";2315,135
"2471";2315,522
"2472";2315,889
"2473";2316,276
"2474";2316,668
"2475";2317,041
"2476";2317,401
"2477";2317,792
"2478";2318,165
"2479";2318,553
"2480";2318,926
"2481";2319,305
"2482";2319,678
"2483";2320,052
"2484";2320,429
"2485";2320,803
"2486";2321,191
"2487";2321,55
"2488";2321,915
"2489";2322,303
"2490";2322,662
"2491";2323,043
"2492";2323,402
"2493";2323,762
"2494";2324,135
"2495";2324,514
"2496";2324,887
"2497";2325,275
"2498";2325,648
"2499";2326,012
"2500";2326,399
"2501";2326,772
"2502";2327,135
"2503";2327,509
"2504";2327,896
"2505";2328,255
"2506";2328,619
"2507";2328,996
"2508";2329,37
"2509";2329,742
"2510";2330,12
"2511";2330,495
"2512";2330,867
"2513";2331,259
"2514";2331,604
"2515";2331,991
"2516";2332,379
"2517";2332,743
"2518";2333,117
"2519";2333,489
"2520";2333,863
"2521";2334,254
"2522";2334,641
"2523";2334,986
"2524";2335,365
"2525";2335,738
"2526";2336,097
"2527";2336,484
"2528";2336,862
"2529";2337,235
"2530";2337,611
"2531";2337,989
"2532";2338,362
"2533";2338,735
"2534";2339,113
"2535";2339,487
"2536";2339,86
"2537";2340,233
"2538";2340,611
"2539";2340,985
"2540";2341,372
"2541";2341,717
"2542";2342,109
"2543";2342,497
"2544";2342,871
"2545";2343,249
"2546";2343,637
"2547";2344,01
"2548";2344,387
"2549";2344,776
"2550";2345,136
"2551";2345,541
"2552";2345,901
"2553";2346,288
"2554";2346,666
"2555";2347,053
"2556";2347,426
"2557";2347,818
"2558";2348,205
"2559";2348,579
"2560";2348,938
"2561";2349,315
"2562";2349,703
"2563";2350,062
"2564";2350,454
"2565";2350,826
"2566";2351,2
"2567";2351,573
"2568";2351,938
"2569";2352,325
"2570";2352,698
"2571";2353,076
"2572";2353,436
"2573";2353,824
"2574";2354,183
"2575";2354,56
"2576";2354,948
"2577";2355,321
"2578";2355,699
"2579";2356,058
"2580";2356,446
"2581";2356,824
"2582";2357,197
"2583";2357,57
"2584";2357,944
"2585";2358,275
"2586";2358,695
"2587";2359,068
"2588";2359,449
"2589";2359,821
"2590";2360,195
"2591";2360,572
"2592";2360,917
"2593";2361,318
"2594";2361,692
"2595";2362,07
"2596";2362,442
"2597";2362,816
"2598";2363,175
"2599";2363,552
"2600";2363,926
"2601";2364,3
"2602";2364,677
"2603";2365,05
"2604";2365,409
"2605";2365,782
"2606";2366,174
"2607";2366,55
"2608";2366,923
"2609";2367,301
"2610";2367,674
"2611";2368,039
"2612";2368,413
"2613";2368,79
"2614";2369,163
"2615";2369,537
"2616";2369,896
"2617";2370,273
"2618";2370,66
"2619";2371,034
"2620";2371,411
"2621";2371,784
"2622";2372,143
"2623";2372,531
"2624";2372,908
"2625";2373,281
"2626";2373,656
"2627";2374,034
"2628";2374,394
"2629";2374,782
"2630";2375,159
"2631";2375,532
"2632";2375,906
"2633";2376,293
"2634";2376,657
"2635";2377,044
"2636";2377,417
"2637";2377,795
"2638";2378,182
"2639";2378,569
"2640";2378,933
"2641";2379,307
"2642";2379,68
"2643";2380,053
"2644";2380,445
"2645";2380,82
"2646";2381,179
"2647";2381,57
"2648";2381,943
"2649";2382,33
"2650";2382,707
"2651";2383,081
"2652";2383,467
"2653";2383,845
"2654";2384,232
"2655";2384,606
"2656";2384,966
"2657";2385,357
"2658";2385,744
"2659";2386,135
"2660";2386,522
"2661";2386,896
"2662";2387,286
"2663";2387,674
"2664";2388,034
"2665";2388,411
"2666";2388,798
"2667";2389,186
"2668";2389,563
"2669";2389,922
"2670";2390,309
"2671";2390,681
"2672";2391,059
"2673";2391,432
"2674";2391,791
"2675";2392,196
"2676";2392,569
"2677";2392,984
"2678";2393,347
"2679";2393,734
"2680";2394,107
"2681";2394,485
"2682";2394,858
"2683";2395,26
"2684";2395,638
"2685";2396,011
"2686";2396,398
"2687";2396,775
"2688";2397,149
"2689";2397,536
"2690";2397,927
"2691";2398,3
"2692";2398,687
"2693";2399,051
"2694";2399,424
"2695";2399,797
"2696";2400,185
"2697";2400,562
"2698";2400,949
"2699";2401,294
"2700";2401,685
"2701";2402,086
"2702";2402,48
"2703";2402,868
"2704";2403,268
"2705";2403,632
"2706";2404,019
"2707";2404,393
"2708";2404,798
"2709";2405,171
"2710";2405,573
"2711";2405,937
"2712";2406,31
"2713";2406,712
"2714";2407,075
"2715";2407,476
"2716";2407,863
"2717";2408,241
"2718";2408,6
"2719";2408,987
"2720";2409,36
"2721";2409,754
"2722";2410,142
"2723";2410,506
"2724";2410,879
"2725";2411,266
"2726";2411,639
"2727";2412,017
"2728";2412,404
"2729";2412,777
"2730";2413,169
"2731";2413,528
"2732";2413,929
"2733";2414,307
"2734";2414,708
"2735";2415,067
"2736";2415,445
"2737";2415,832
"2738";2416,206
"2739";2416,599
"2740";2417,003
"2741";2417,38
"2742";2417,767
"2743";2418,141
"2744";2418,514
"2745";2418,905
"2746";2419,292
"2747";2419,652
"2748";2420,03
"2749";2420,416
"2750";2420,804
"2751";2421,182
"2752";2421,569
"2753";2421,942
"2754";2422,306
"2755";2422,694
"2756";2423,081
"2757";2423,458
"2758";2423,846
"2759";2424,22
"2760";2424,598
"2761";2424,971
"2762";2425,359
"2763";2425,736
"2764";2426,124
"2765";2426,484
"2766";2426,872
"2767";2427,264
"2768";2427,651
"2769";2428,025
"2770";2428,416
"2771";2428,803
"2772";2429,149
"2773";2429,554
"2774";2429,928
"2775";2430,316
"2776";2430,693
"2777";2431,066
"2778";2431,429
"2779";2431,821
"2780";2432,208
"2781";2432,582
"2782";2432,974
"2783";2433,347
"2784";2433,72
"2785";2434,098
"2786";2434,471
"2787";2434,858
"2788";2435,25
"2789";2435,623
"2790";2435,996
"2791";2436,383
"2792";2436,762
"2793";2437,149
"2794";2437,541
"2795";2437,907
"2796";2438,281
"2797";2438,674
"2798";2439,061
"2799";2439,434
"2800";2439,84
"2801";2440,213
"2802";2440,572
"2803";2440,959
"2804";2441,351
"2805";2441,724
"2806";2442,112
"2807";2442,476
"2808";2442,835
"2809";2443,223
"2810";2443,596
"2811";2443,974
"2812";2444,361
"2813";2444,749
"2814";2445,099
"2815";2445,486
"2816";2445,879
"2817";2446,253
"2818";2446,654
"2819";2447,032
"2820";2447,377
"2821";2447,779
"2822";2448,154
"2823";2448,56
"2824";2448,948
"2825";2449,307
"2826";2449,699
"2827";2450,072
"2828";2450,46
"2829";2450,837
"2830";2451,239
"2831";2451,612
"2832";2451,989
"2833";2452,377
"2834";2452,736
"2835";2453,145
"2836";2453,533
"2837";2453,91
"2838";2454,27
"2839";2454,657
"2840";2455,03
"2841";2455,422
"2842";2455,823
"2843";2456,215
"2844";2456,574
"2845";2456,961
"2846";2457,334
"2847";2457,712
"2848";2458,114
"2849";2458,474
"2850";2458,866
"2851";2459,24
"2852";2459,641
"2853";2460,008
"2854";2460,367
"2855";2460,769
"2856";2461,174
"2857";2461,562
"2858";2461,935
"2859";2462,313
"2860";2462,714
"2861";2463,088
"2862";2463,466
"2863";2463,853
"2864";2464,26
"2865";2464,634
"2866";2465,021
"2867";2465,394
"2868";2465,772
"2869";2466,146
"2870";2466,547
"2871";2466,925
"2872";2467,313
"2873";2467,691
"2874";2468,064
"2875";2468,438
"2876";2468,811
"2877";2469,219
"2878";2469,592
"2879";2469,966
"2880";2470,357
"2881";2470,73
"2882";2471,135
"2883";2471,509
"2884";2471,909
"2885";2472,272
"2886";2472,663
"2887";2473,036
"2888";2473,437
"2889";2473,814
"2890";2474,173
"2891";2474,563
"2892";2474,94
"2893";2475,328
"2894";2475,714
"2895";2476,087
"2896";2476,479
"2897";2476,852
"2898";2477,257
"2899";2477,63
"2900";2477,99
"2901";2478,376
"2902";2478,782
"2903";2479,155
"2904";2479,543
"2905";2479,922
"2906";2480,309
"2907";2480,683
"2908";2481,074
"2909";2481,447
"2910";2481,812
"2911";2482,214
"2912";2482,587
"2913";2482,992
"2914";2483,38
"2915";2483,753
"2916";2484,145
"2917";2484,49
"2918";2484,877
"2919";2485,269
"2920";2485,643
"2921";2486,03
"2922";2486,431
"2923";2486,809
"2924";2487,21
"2925";2487,584
"2926";2487,961
"2927";2488,348
"2928";2488,722
"2929";2489,114
"2930";2489,488
"2931";2489,88
"2932";2490,268
"2933";2490,642
"2934";2491,034
"2935";2491,408
"2936";2491,795
"2937";2492,173
"2938";2492,532
"2939";2492,933
"2940";2493,306
"2941";2493,684
"2942";2494,086
"2943";2494,444
"2944";2494,836
"2945";2495,21
"2946";2495,597
"2947";2495,975
"2948";2496,336
"2949";2496,728
"2950";2497,128
"2951";2497,502
"2952";2497,908
"2953";2498,267
"2954";2498,64
"2955";2499,032
"2956";2499,405
"2957";2499,806
"2958";2500,165
"2959";2500,571
"2960";2500,96
"2961";2501,334
"2962";2501,711
"2963";2502,085
"2964";2502,486
"2965";2502,878
"2966";2503,242
"2967";2503,629
"2968";2504,016
"2969";2504,408
"2970";2504,795
"2971";2505,167
"2972";2505,526
"2973";2505,918
"2974";2506,291
"2975";2506,684
"2976";2507,058
"2977";2507,449
"2978";2507,85
"2979";2508,223
"2980";2508,615
"2981";2508,987
"2982";2509,36
"2983";2509,738
"2984";2510,111
"2985";2510,503
"2986";2510,904
"2987";2511,264
"2988";2511,643
"2989";2512,03
"2990";2512,418
"2991";2512,781
"2992";2513,182
"2993";2513,556
"2994";2513,933
"2995";2514,32
"2996";2514,693
"2997";2515,067
"2998";2515,398
"2999";2515,933
"3000";2516,218
"3001";2516,75
"3002";2517,085
"3003";2517,431
"3004";2517,838
"3005";2518,486
"3006";2518,771
"3007";2519,102
"3008";2519,55
"3009";2519,895
"3010";2520,286
"3011";2520,79
"3012";2521,163
"3013";2521,578
"3014";2521,956
"3015";2522,302
"3016";2522,648
"3017";2523,05
"3018";2523,469
"3019";2523,944
"3020";2524,247
"3021";2524,634
"3022";2525,028
"3023";2525,345
"3024";2525,876
"3025";2526,365
"3026";2526,809
"3027";2527,083
"3028";2527,442
"3029";2527,774
"3030";2528,193
"3031";2528,524
"3032";2528,869
"3033";2529,298
"3034";2529,661
"3035";2530,006
"3036";2530,337
"3037";2530,636
"3038";2530,985
"3039";2531,228
"3040";2531,558
"3041";2532,02
"3042";2532,351
"3043";2532,668
"3044";2533,001
"3045";2533,592
"3046";2533,923
"3047";2534,31
"3048";2534,729
"3049";2535,275
"3050";2535,619
"3051";2536,053
"3052";2536,31
"3053";2536,757
"3054";2537,102
"3055";2537,433
"3056";2537,834
"3057";2538,468
"3058";2538,729
"3059";2539,13
"3060";2539,682
"3061";2539,943
"3062";2540,461
"3063";2540,805
"3064";2541,151
"3065";2541,468
"3066";2541,813
"3067";2542,489
"3068";2542,904
"3069";2543,395
"3070";2543,885
"3071";2544,272
"3072";2544,755
"3073";2545,026
"3074";2545,445
"3075";2545,762
"3076";2546,134
"3077";2546,507
"3078";2546,885
"3079";2547,304
"3080";2547,677
"3081";2548,139
"3082";2548,4
"3083";2548,787
"3084";2549,262
"3085";2549,547
"3086";2549,883
"3087";2550,326
"3088";2550,703
"3089";2551,221
"3090";2551,538
"3091";2551,925
"3092";2552,168
"3093";2552,574
"3094";2553,022
"3095";2553,423
"3096";2553,885
"3097";2554,162
"3098";2554,549
"3099";2554,983
"3100";2555,588
"3101";2556,237
"3102";2556,596
"3103";2557,025
"3104";2557,487
"3105";2557,818
"3106";2558,079
"3107";2558,569
"3108";2559,026
"3109";2559,376
"3110";2559,805
"3111";2560,21
"3112";2560,756
"3113";2561,365
"3114";2561,794
"3115";2562,143
"3116";2562,531
"3117";2563,137
"3118";2563,496
"3119";2564,056
"3120";2564,602
"3121";2564,995
"3122";2565,41
"3123";2565,802
"3124";2566,189
"3125";2566,465
"3126";2566,866
"3127";2567,197
"3128";2567,789
"3129";2568,121
"3130";2568,669
"3131";2569,061
"3132";2569,421
"3133";2569,822
"3134";2570,242
"3135";2570,517
"3136";2571,021
"3137";2571,436
"3138";2572,001
"3139";2572,458
"3140";2572,705
"3141";2573,121
"3142";2573,368
"3143";2573,83
"3144";2574,167
"3145";2574,643
"3146";2575,12
"3147";2575,523
"3148";2575,869
"3149";2576,275
"3150";2576,722
"3151";2577,193
"3152";2577,599
"3153";2578
"3154";2578,433
"3155";2578,834
"3156";2579,24
"3157";2579,669
"3158";2580,075
"3159";2580,504
"3160";2580,896
"3161";2581,325
"3162";2581,744
"3163";2582,145
"3164";2582,565
"3165";2582,972
"3166";2583,373
"3167";2583,793
"3168";2584,223
"3169";2584,629
"3170";2585,03
"3171";2585,436
"3172";2585,852
"3173";2586,258
"3174";2586,674
"3175";2587,08
"3176";2587,495
"3177";2587,901
"3178";2588,289
"3179";2588,708
"3180";2589,096
"3181";2589,511
"3182";2589,92
"3183";2590,312
"3184";2590,714
"3185";2591,133
"3186";2591,521
"3187";2591,937
"3188";2592,328
"3189";2592,73
"3190";2593,136
"3191";2593,523
"3192";2593,91
"3193";2594,331
"3194";2594,718
"3195";2595,124
"3196";2595,526
"3197";2595,932
"3198";2596,32
"3199";2596,721
"3200";2597,115
"3201";2597,521
"3202";2597,921
"3203";2598,323
"3204";2598,715
"3205";2599,116
"3206";2599,508
"3207";2599,909
"3208";2600,329
"3209";2600,73
"3210";2601,104
"3211";2601,524
"3212";2601,925
"3213";2602,331
"3214";2602,746
"3215";2603,137
"3216";2603,539
"3217";2603,94
"3218";2604,347
"3219";2604,767
"3220";2605,182
"3221";2605,588
"3222";2605,989
"3223";2606,395
"3224";2606,783
"3225";2607,204
"3226";2607,605
"3227";2608,007
"3228";2608,384
"3229";2608,8
"3230";2609,206
"3231";2609,592
"3232";2610,013
"3233";2610,386
"3234";2610,788
"3235";2611,166
"3236";2611,556
"3237";2611,948
"3238";2612,335
"3239";2612,736
"3240";2613,128
"3241";2613,515
"3242";2613,92
"3243";2614,322
"3244";2614,709
"3245";2615,103
"3246";2615,504
"3247";2615,905
"3248";2616,296
"3249";2616,683
"3250";2617,075
"3251";2617,477
"3252";2617,85
"3253";2618,182
"3254";2618,643
"3255";2618,975
"3256";2619,409
"3257";2619,81
"3258";2620,201
"3259";2620,602
"3260";2620,994
"3261";2621,396
"3262";2621,782
"3263";2622,174
"3264";2622,575
"3265";2622,966
"3266";2623,368
"3267";2623,755
"3268";2624,133
"3269";2624,534
"3270";2624,94
"3271";2625,313
"3272";2625,714
"3273";2626,093
"3274";2626,466
"3275";2626,858
"3276";2627,246
"3277";2627,633
"3278";2628,04
"3279";2628,428
"3280";2628,801
"3281";2629,193
"3282";2629,593
"3283";2629,985
"3284";2630,387
"3285";2630,774
"3286";2631,166
"3287";2631,553
"3288";2631,941
"3289";2632,347
"3290";2632,734
"3291";2633,129
"3292";2633,502
"3293";2633,908
"3294";2634,281
"3295";2634,682
"3296";2635,088
"3297";2635,49
"3298";2635,881
"3299";2636,282
"3300";2636,67
"3301";2637,076
"3302";2637,477
"3303";2637,869
"3304";2638,242
"3305";2638,659
"3306";2639,037
"3307";2639,438
"3308";2639,825
"3309";2640,245
"3310";2640,624
"3311";2641,025
"3312";2641,412
"3313";2641,804
"3314";2642,206
"3315";2642,598
"3316";2642,985
"3317";2643,372
"3318";2643,778
"3319";2644,168
"3320";2644,559
"3321";2644,937
"3322";2645,338
"3323";2645,73
"3324";2646,117
"3325";2646,518
"3326";2646,923
"3327";2647,31
"3328";2647,703
"3329";2648,09
"3330";2648,477
"3331";2648,883
"3332";2649,285
"3333";2649,663
"3334";2650,036
"3335";2650,438
"3336";2650,815
"3337";2651,216
"3338";2651,622
"3339";2652,008
"3340";2652,382
"3341";2652,787
"3342";2653,174
"3343";2653,561
"3344";2653,953
"3345";2654,34
"3346";2654,72
"3347";2655,107
"3348";2655,495
"3349";2655,886
"3350";2656,287
"3351";2656,679
"3352";2657,066
"3353";2657,453
"3354";2657,83
"3355";2658,232
"3356";2658,633
"3357";2659,024
"3358";2659,412
"3359";2659,804
"3360";2660,206
"3361";2660,607
"3362";2661,013
"3363";2661,4
"3364";2661,778
"3365";2662,181
"3366";2662,559
"3367";2662,96
"3368";2663,362
"3369";2663,767
"3370";2664,154
"3371";2664,546
"3372";2664,933
"3373";2665,321
"3374";2665,713
"3375";2666,1
"3376";2666,487
"3377";2666,878
"3378";2667,265
"3379";2667,652
"3380";2668,058
"3381";2668,458
"3382";2668,836
"3383";2669,237
"3384";2669,614
"3385";2670,015
"3386";2670,403
"3387";2670,795
"3388";2671,182
"3389";2671,587
"3390";2671,975
"3391";2672,361
"3392";2672,767
"3393";2673,153
"3394";2673,541
"3395";2673,932
"3396";2674,319
"3397";2674,706
"3398";2675,111
"3399";2675,512
"3400";2675,903
"3401";2676,297
"3402";2676,67
"3403";2677,085
"3404";2677,477
"3405";2677,864
"3406";2678,251
"3407";2678,642
"3408";2679,043
"3409";2679,434
"3410";2679,836
"3411";2680,223
"3412";2680,614
"3413";2681,003
"3414";2681,376
"3415";2681,796
"3416";2682,197
"3417";2682,588
"3418";2682,962
"3419";2683,363
"3420";2683,742
"3421";2684,144
"3422";2684,535
"3423";2684,922
"3424";2685,31
"3425";2685,701
"3426";2686,088
"3427";2686,494
"3428";2686,896
"3429";2687,283
"3430";2687,688
"3431";2688,076
"3432";2688,467
"3433";2688,868
"3434";2689,274
"3435";2689,661
"3436";2690,048
"3437";2690,453
"3438";2690,841
"3439";2691,246
"3440";2691,634
"3441";2692,026
"3442";2692,4
"3443";2692,801
"3444";2693,192
"3445";2693,579
"3446";2693,995
"3447";2694,386
"3448";2694,759
"3449";2695,165
"3450";2695,551
"3451";2695,939
"3452";2696,344
"3453";2696,731
"3454";2697,118
"3455";2697,511
"3456";2697,904
"3457";2698,306
"3458";2698,693
"3459";2699,071
"3460";2699,472
"3461";2699,877
"3462";2700,265
"3463";2700,666
"3464";2701,071
"3465";2701,473
"3466";2701,846
"3467";2702,239
"3468";2702,626
"3469";2703,018
"3470";2703,433
"3471";2703,82
"3472";2704,212
"3473";2704,613
"3474";2704,991
"3475";2705,395
"3476";2705,786
"3477";2706,159
"3478";2706,547
"3479";2706,952
"3480";2707,339
"3481";2707,727
"3482";2708,133
"3483";2708,52
"3484";2708,912
"3485";2709,313
"3486";2709,7
"3487";2710,092
"3488";2710,479
"3489";2710,885
"3490";2711,272
"3491";2711,674
"3492";2712,052
"3493";2712,453
"3494";2712,852
"3495";2713,24
"3496";2713,613
"3497";2714,018
"3498";2714,406
"3499";2714,793
"3500";2715,185
"3501";2715,586
"3502";2715,964
"3503";2716,379
"3504";2716,766
"3505";2717,172
"3506";2717,559
"3507";2717,951
"3508";2718,325
"3509";2718,726
"3510";2719,104
"3511";2719,491
"3512";2719,885
"3513";2720,273
"3514";2720,678
"3515";2721,065
"3516";2721,467
"3517";2721,858
"3518";2722,245
"3519";2722,646
"3520";2723,025
"3521";2723,413
"3522";2723,8
"3523";2724,192
"3524";2724,593
"3525";2724,984
"3526";2725,386
"3527";2725,773
"3528";2726,165
"3529";2726,552
"3530";2726,946
"3531";2727,333
"3532";2727,725
"3533";2728,113
"3534";2728,5
"3535";2728,892
"3536";2729,294
"3537";2729,681
"3538";2730,059
"3539";2730,46
"3540";2730,848
"3541";2731,239
"3542";2731,627
"3543";2732,019
"3544";2732,406
"3545";2732,808
"3546";2733,186
"3547";2733,574
"3548";2733,97
"3549";2734,371
"3550";2734,759
"3551";2735,164
"3552";2735,552
"3553";2735,944
"3554";2736,345
"3555";2736,733
"3556";2737,139
"3557";2737,54
"3558";2737,918
"3559";2738,319
"3560";2738,707
"3561";2739,098
"3562";2739,486
"3563";2739,892
"3564";2740,279
"3565";2740,681
"3566";2741,086
"3567";2741,478
"3568";2741,865
"3569";2742,252
"3570";2742,644
"3571";2743,045
"3572";2743,446
"3573";2743,838
"3574";2744,227
"3575";2744,647
"3576";2745,034
"3577";2745,44
"3578";2745,827
"3579";2746,215
"3580";2746,607
"3581";2747,008
"3582";2747,395
"3583";2747,787
"3584";2748,188
"3585";2748,596
"3586";2748,998
"3587";2749,39
"3588";2749,778
"3589";2750,17
"3590";2750,557
"3591";2750,944
"3592";2751,351
"3593";2751,738
"3594";2752,111
"3595";2752,531
"3596";2752,919
"3597";2753,31
"3598";2753,726
"3599";2754,132
"3600";2754,506
"3601";2754,908
"3602";2755,315
"3603";2755,705
"3604";2756,096
"3605";2756,498
"3606";2756,871
"3607";2757,276
"3608";2757,677
"3609";2758,069
"3610";2758,476
"3611";2758,876
"3612";2759,268
"3613";2759,669
"3614";2760,088
"3615";2760,476
"3616";2760,882
"3617";2761,282
"3618";2761,684
"3619";2762,089
"3620";2762,491
"3621";2762,883
"3622";2763,284
"3623";2763,69
"3624";2764,077
"3625";2764,483
"3626";2764,87
"3627";2765,276
"3628";2765,679
"3629";2766,08
"3630";2766,443
"3631";2766,845
"3632";2767,251
"3633";2767,638
"3634";2768,039
"3635";2768,431
"3636";2768,805
"3637";2769,206
"3638";2769,597
"3639";2769,985
"3640";2770,392
"3641";2770,779
"3642";2771,157
"3643";2771,559
"3644";2771,946
"3645";2772,324
"3646";2772,725
"3647";2773,112
"3648";2773,518
"3649";2773,905
"3650";2774,297
"3651";2774,684
"3652";2775,085
"3653";2775,477
"3654";2775,852
"3655";2776,239
"3656";2776,631
"3657";2777,033
"3658";2777,427
"3659";2777,814
"3660";2778,202
"3661";2778,607
"3662";2779,009
"3663";2779,401
"3664";2779,802
"3665";2780,193
"3666";2780,581
"3667";2780,982
"3668";2781,373
"3669";2781,747
"3670";2782,149
"3671";2782,543
"3672";2782,92
"3673";2783,307
"3674";2783,698
"3675";2784,072
"3676";2784,479
"3677";2784,866
"3678";2785,258
"3679";2785,645
"3680";2786,047
"3681";2786,426
"3682";2786,814
"3683";2787,201
"3684";2787,579
"3685";2787,967
"3686";2788,368
"3687";2788,746
"3688";2789,161
"3689";2789,553
"3690";2789,926
"3691";2790,327
"3692";2790,719
"3693";2791,106
"3694";2791,493
"3695";2791,872
"3696";2792,259
"3697";2792,651
"3698";2793,037
"3699";2793,425
"3700";2793,831
"3701";2794,218
"3702";2794,591
"3703";2794,982
"3704";2795,37
"3705";2795,742
"3706";2796,148
"3707";2796,521
"3708";2796,928
"3709";2797,315
"3710";2797,702
"3711";2798,094
"3712";2798,494
"3713";2798,875
"3714";2799,248
"3715";2799,635
"3716";2800,013
"3717";2800,414
"3718";2800,787
"3719";2801,165
"3720";2801,552
"3721";2801,939
"3722";2802,33
"3723";2802,718
"3724";2803,124
"3725";2803,496
"3726";2803,884
"3727";2804,272
"3728";2804,663
"3729";2805,05
"3730";2805,442
"3731";2805,829
"3732";2806,207
"3733";2806,595
"3734";2806,982
"3735";2807,375
"3736";2807,762
"3737";2808,15
"3738";2808,528
"3739";2808,929
"3740";2809,317
"3741";2809,694
"3742";2810,095
"3743";2810,482
"3744";2810,859
"3745";2811,247
"3746";2811,647
"3747";2812,039
"3748";2812,44
"3749";2812,83
"3750";2813,237
"3751";2813,625
"3752";2814,011
"3753";2814,403
"3754";2814,804
"3755";2815,205
"3756";2815,596
"3757";2815,983
"3758";2816,37
"3759";2816,761
"3760";2817,162
"3761";2817,554
"3762";2817,941
"3763";2818,329
"3764";2818,72
"3765";2819,107
"3766";2819,494
"3767";2819,9
"3768";2820,287
"3769";2820,694
"3770";2821,081
"3771";2821,473
"3772";2821,874
"3773";2822,279
"3774";2822,68
"3775";2823,081
"3776";2823,486
"3777";2823,887
"3778";2824,293
"3779";2824,68
"3780";2825,053
"3781";2825,459
"3782";2825,846
"3783";2826,237
"3784";2826,652
"3785";2827,039
"3786";2827,444
"3787";2827,836
"3788";2828,223
"3789";2828,63
"3790";2829,031
"3791";2829,432
"3792";2829,852
"3793";2830,253
"3794";2830,644
"3795";2831,06
"3796";2831,464
"3797";2831,866
"3798";2832,239
"3799";2832,644
"3800";2833,031
"3801";2833,422
"3802";2833,824
"3803";2834,21
"3804";2834,588
"3805";2834,992
"3806";2835,397
"3807";2835,785
"3808";2836,158
"3809";2836,549
"3810";2836,937
"3811";2837,342
"3812";2837,743
"3813";2838,144
"3814";2838,55
"3815";2838,951
"3816";2839,33
"3817";2839,731
"3818";2840,133
"3819";2840,524
"3820";2840,926
"3821";2841,346
"3822";2841,719
"3823";2842,126
"3824";2842,513
"3825";2842,905
"3826";2843,306
"3827";2843,693
"3828";2844,084
"3829";2844,5
"3830";2844,877
"3831";2845,278
"3832";2845,665
"3833";2846,071
"3834";2846,458
"3835";2846,864
"3836";2847,251
"3837";2847,652
"3838";2848,03
"3839";2848,445
"3840";2848,832
"3841";2849,224
"3842";2849,616
"3843";2850,004
"3844";2850,391
"3845";2850,796
"3846";2851,184
"3847";2851,576
"3848";2851,977
"3849";2852,364
"3850";2852,759
"3851";2853,149
"3852";2853,537
"3853";2853,942
"3854";2854,343
"3855";2854,731
"3856";2855,122
"3857";2855,495
"3858";2855,901
"3859";2856,303
"3860";2856,697
"3861";2857,098
"3862";2857,43
"3863";2857,877
"3864";2858,265
"3865";2858,671
"3866";2859,059
"3867";2859,464
"3868";2859,851
"3869";2860,253
"3870";2860,632
"3871";2861,033
"3872";2861,435
"3873";2861,84
"3874";2862,228
"3875";2862,615
"3876";2863,021
"3877";2863,422
"3878";2863,802
"3879";2864,194
"3880";2864,595
"3881";2864,996
"3882";2865,401
"3883";2865,789
"3884";2866,194
"3885";2866,581
"3886";2866,969
"3887";2867,36
"3888";2867,775
"3889";2868,162
"3890";2868,567
"3891";2868,955
"3892";2869,329
"3893";2869,748
"3894";2870,135
"3895";2870,555
"3896";2870,945
"3897";2871,348
"3898";2871,739
"3899";2872,141
"3900";2872,528
"3901";2872,92
"3902";2873,321
"3903";2873,713
"3904";2874,101
"3905";2874,488
"3906";2874,862
"3907";2875,267
"3908";2875,669
"3909";2876,075
"3910";2876,476
"3911";2876,863
"3912";2877,195
"3913";2877,643
"3914";2878,195
"3915";2878,54
"3916";2878,904
"3917";2879,334
"3918";2879,637
"3919";2880,025
"3920";2880,431
"3921";2880,878
"3922";2881,238
"3923";2881,902
"3924";2882,331
"3925";2882,634
"3926";2882,98
"3927";2883,385
"3928";2883,903
"3929";2884,491
"3930";2884,696
"3931";2885,187
"3932";2885,577
"3933";2885,935
"3934";2886,355
"3935";2886,728
"3936";2887,134
"3937";2887,68
"3938";2887,983
"3939";2888,473
"3940";2888,93
"3941";2889,523
"3942";2889,883
"3943";2890,461
"3944";2890,951
"3945";2891,31
"3946";2891,539
"3947";2891,898
"3948";2892,389
"3949";2892,755
"3950";2893,086
"3951";2893,348
"3952";2893,749
"3953";2894,066
"3954";2894,57
"3955";2894,93
"3956";2895,336
"3957";2895,924
"3958";2896,284
"3959";2896,717
"3960";2897,105
"3961";2897,464
"3962";2897,712
"3963";2898,388
"3964";2898,804
"3965";2899,167
"3966";2899,657
"3967";2900,049
"3968";2900,278
"3969";2900,651
"3970";2901,028
"3971";2901,374
"3972";2901,761
"3973";2902,18
"3974";2902,556
"3975";2902,873
"3976";2903,205
"3977";2903,834
"3978";2904,183
"3979";2904,514
"3980";2904,799
"3981";2905,176
"3982";2905,549
"3983";2905,895
"3984";2906,254
"3985";2906,701
"3986";2907,151
"3987";2907,426
"3988";2907,93
"3989";2908,428
"3990";2908,91
"3991";2909,427
"3992";2909,702
"3993";2910,159
"3994";2910,536
"3995";2911,04
"3996";2911,37
"3997";2911,757
"3998";2912,103
"3999";2912,606
"4000";2912,895
"4001";2913,301
"4002";2913,619
"4003";2914,179
"4004";2914,728
"4005";2914,948
"4006";2915,48
"4007";2915,783
"4008";2916,04
"4009";2916,417
"4010";2916,949
"4011";2917,365
"4012";2917,785
"4013";2918,233
"4014";2918,592
"4015";2918,923
"4016";2919,427
"4017";2919,828
"4018";2920,29
"4019";2920,667
"4020";2921,015
"4021";2921,407
"4022";2921,842
"4023";2922,202
"4024";2922,79
"4025";2923,396
"4026";2923,797
"4027";2924,245
"4028";2924,651
"4029";2925,011
"4030";2925,454
"4031";2925,874
"4032";2926,206
"4033";2926,607
"4034";2927,097
"4035";2927,488
"4036";2927,862
"4037";2928,179
"4038";2928,829
"4039";2929,146
"4040";2929,566
"4041";2929,883
"4042";2930,345
"4043";2930,761
"4044";2931,133
"4045";2931,638
"4046";2932,188
"4047";2932,878
"4048";2933,293
"4049";2933,582
"4050";2934,058
"4051";2934,431
"4052";2934,921
"4053";2935,267
"4054";2935,672
"4055";2936,122
"4056";2936,524
"4057";2937
"4058";2937,405
"4059";2937,895
"4060";2938,254
"4061";2938,702
"4062";2939,173
"4063";2939,564
"4064";2939,966
"4065";2940,371
"4066";2940,786
"4067";2941,192
"4068";2941,578
"4069";2941,966
"4070";2942,372
"4071";2942,773
"4072";2943,178
"4073";2943,552
"4074";2943,957
"4075";2944,33
"4076";2944,736
"4077";2945,137
"4078";2945,524
"4079";2945,917
"4080";2946,304
"4081";2946,709
"4082";2947,097
"4083";2947,484
"4084";2947,876
"4085";2948,263
"4086";2948,65
"4087";2949,027
"4088";2949,429
"4089";2949,801
"4090";2950,207
"4091";2950,583
"4092";2950,988
"4093";2951,362
"4094";2951,763
"4095";2952,141
"4096";2952,528
"4097";2952,915
"4098";2953,306
"4099";2953,693
"4100";2954,084
"4101";2954,471
"4102";2954,858
"4103";2955,249
"4104";2955,636
"4105";2956,024
"4106";2956,416
"4107";2956,817
"4108";2957,204
"4109";2957,584
"4110";2957,971
"4111";2958,363
"4112";2958,749
"4113";2959,122
"4114";2959,513
"4115";2959,9
"4116";2960,287
"4117";2960,679
"4118";2961,08
"4119";2961,457
"4120";2961,844
"4121";2962,231
"4122";2962,609
"4123";2963,01
"4124";2963,411
"4125";2963,802
"4126";2964,189
"4127";2964,576
"4128";2964,968
"4129";2965,345
"4130";2965,746
"4131";2966,133
"4132";2966,524
"4133";2966,912
"4134";2967,299
"4135";2967,705
"4136";2968,078
"4137";2968,465
"4138";2968,871
"4139";2969,258
"4140";2969,649
"4141";2970,036
"4142";2970,437
"4143";2970,828
"4144";2971,201
"4145";2971,602
"4146";2971,996
"4147";2972,387
"4148";2972,789
"4149";2973,176
"4150";2973,553
"4151";2973,955
"4152";2974,286
"4153";2974,733
"4154";2975,135
"4155";2975,526
"4156";2975,927
"4157";2976,328
"4158";2976,734
"4159";2977,121
"4160";2977,528
"4161";2977,915
"4162";2978,321
"4163";2978,722
"4164";2979,116
"4165";2979,504
"4166";2979,905
"4167";2980,31
"4168";2980,698
"4169";2981,075
"4170";2981,49
"4171";2981,896
"4172";2982,297
"4173";2982,684
"4174";2983,09
"4175";2983,492
"4176";2983,883
"4177";2984,271
"4178";2984,672
"4179";2985,064
"4180";2985,479
"4181";2985,871
"4182";2986,272
"4183";2986,664
"4184";2987,051
"4185";2987,438
"4186";2987,832
"4187";2988,219
"4188";2988,638
"4189";2989,012
"4190";2989,413
"4191";2989,805
"4192";2990,192
"4193";2990,586
"4194";2990,977
"4195";2991,364
"4196";2991,77
"4197";2992,157
"4198";2992,544
"4199";2992,936
"4200";2993,337
"4201";2993,717
"4202";2994,119
"4203";2994,51
"4204";2994,897
"4205";2995,299
"4206";2995,69
"4207";2996,078
"4208";2996,466
"4209";2996,857
"4210";2997,258
"4211";2997,65
"4212";2998,038
"4213";2998,427
"4214";2998,818
"4215";2999,22
"4216";2999,611
"4217";3000,012
"4218";3000,4
"4219";3000,808
"4220";3001,214
"4221";3001,588
"4222";3002,003
"4223";3002,395
"4224";3002,796
"4225";3003,17
"4226";3003,561
"4227";3003,948
"4228";3004,336
"4229";3004,714
"4230";3005,115
"4231";3005,507
"4232";3005,894
"4233";3006,281
"4234";3006,674
"4235";3007,061
"4236";3007,448
"4237";3007,84
"4238";3008,227
"4239";3008,633
"4240";3009,035
"4241";3009,413
"4242";3009,814
"4243";3010,201
"4244";3010,592
"4245";3010,98
"4246";3011,385
"4247";3011,772
"4248";3012,16
"4249";3012,538
"4250";3012,939
"4251";3013,34
"4252";3013,732
"4253";3014,119
"4254";3014,511
"4255";3014,898
"4256";3015,293
"4257";3015,666
"4258";3016,067
"4259";3016,445
"4260";3016,846
"4261";3017,234
"4262";3017,627
"4263";3018,014
"4264";3018,401
"4265";3018,793
"4266";3019,195
"4267";3019,588
"4268";3019,961
"4269";3020,349
"4270";3020,736
"4271";3021,128
"4272";3021,529
"4273";3021,907
"4274";3022,308
"4275";3022,704
"4276";3023,091
"4277";3023,483
"4278";3023,87
"4279";3024,258
"4280";3024,65
"4281";3025,037
"4282";3025,424
"4283";3025,816
"4284";3026,203
"4285";3026,591
"4286";3026,983
"4287";3027,37
"4288";3027,758
"4289";3028,149
"4290";3028,537
"4291";3028,928
"4292";3029,316
"4293";3029,708
"4294";3030,11
"4295";3030,484
"4296";3030,862
"4297";3031,249
"4298";3031,636
"4299";3032,028
"4300";3032,415
"4301";3032,816
"4302";3033,209
"4303";3033,596
"4304";3033,983
"4305";3034,375
"4306";3034,763
"4307";3035,155
"4308";3035,542
"4309";3035,929
"4310";3036,321
"4311";3036,708
"4312";3037,103
"4313";3037,476
"4314";3037,878
"4315";3038,242
"4316";3038,643
"4317";3039,031
"4318";3039,423
"4319";3039,81
"4320";3040,216
"4321";3040,605
"4322";3040,993
"4323";3041,371
"4324";3041,772
"4325";3042,145
"4326";3042,537
"4327";3042,924
"4328";3043,311
"4329";3043,717
"4330";3044,107
"4331";3044,498
"4332";3045,55
"4333";3046,339
"4334";3047,48
"4335";3048,362
"4336";3049,069
"4337";3049,935
"4338";3050,72
"4339";3051,907
"4340";3052,29
"4341";3052,678
"4342";3053,069
"4343";3053,47
"4344";3053,843
"4345";3054,248
"4346";3054,635
"4347";3055,027
"4348";3055,407
"4349";3055,808
"4350";3056,195
"4351";3056,6
"4352";3056,987
"4353";3057,393
"4354";3057,781
"4355";3058,181
"4356";3058,545
"4357";3058,96
"4358";3059,333
"4359";3059,724
"4360";3060,139
"4361";3060,531
"4362";3060,918
"4363";3061,324
"4364";3061,725
"4365";3062,112
"4366";3062,503
"4367";3062,925
"4368";3063,312
"4369";3063,713
"4370";3064,118
"4371";3064,52
"4372";3064,911
"4373";3065,312
"4374";3065,7
"4375";3066,107
"4376";3066,494
"4377";3066,9
"4378";3067,287
"4379";3067,692
"4380";3068,094
"4381";3068,481
"4382";3068,873
"4383";3069,26
"4384";3069,648
"4385";3070,054
"4386";3070,446
"4387";3070,847
"4388";3071,248
"4389";3071,639
"4390";3072,026
"4391";3072,432
"4392";3072,833
"4393";3073,234
"4394";3073,612
"4395";3073,971
"4396";3074,4
"4397";3074,806
"4398";3075,193
"4399";3075,584
"4400";3075,985
"4401";3076,372
"4402";3076,765
"4403";3077,187
"4404";3077,56
"4405";3077,947
"4406";3078,34
"4407";3078,741
"4408";3079,128
"4409";3079,533
"4410";3079,92
"4411";3080,298
"4412";3080,698
"4413";3081,085
"4414";3081,463
"4415";3081,849
"4416";3082,222
"4417";3082,642
"4418";3083,014
"4419";3083,419
"4420";3083,807
"4421";3084,214
"4422";3084,586
"4423";3084,973
"4424";3085,379
"4425";3085,765
"4426";3086,152
"4427";3086,544
"4428";3086,945
"4429";3087,323
"4430";3087,724
"4431";3088,112
"4432";3088,517
"4433";3088,904
"4434";3089,277
"4435";3089,668
"4436";3090,07
"4437";3090,475
"4438";3090,862
"4439";3091,249
"4440";3091,655
"4441";3092,061
"4442";3092,447
"4443";3092,835
"4444";3093,24
"4445";3093,613
"4446";3094,014
"4447";3094,42
"4448";3094,821
"4449";3095,225
"4450";3095,612
"4451";3096,004
"4452";3096,376
"4453";3096,778
"4454";3097,169
"4455";3097,556
"4456";3097,958
"4457";3098,35
"4458";3098,739
"4459";3099,13
"4460";3099,532
"4461";3099,924
"4462";3100,31
"4463";3100,697
"4464";3101,102
"4465";3101,517
"4466";3101,894
"4467";3102,281
"4468";3102,682
"4469";3103,072
"4470";3103,459
"4471";3103,846
"4472";3104,251
"4473";3104,638
"4474";3105,03
"4475";3105,417
"4476";3105,823
"4477";3106,21
"4478";3106,597
"4479";3106,987
"4480";3107,388
"4481";3107,793
"4482";3108,181
"4483";3108,568
"4484";3108,974
"4485";3109,36
"4486";3109,751
"4487";3110,153
"4488";3110,558
"4489";3110,945
"4490";3111,332
"4491";3111,723
"4492";3112,124
"4493";3112,516
"4494";3112,893
"4495";3113,282
"4496";3113,686
"4497";3114,074
"4498";3114,46
"4499";3114,865
"4500";3115,266
"4501";3115,643
"4502";3116,03
"4503";3116,417
"4504";3116,822
"4505";3117,223
"4506";3117,6
"4507";3118,002
"4508";3118,402
"4509";3118,781
"4510";3119,168
"4511";3119,569
"4512";3119,96
"4513";3120,354
"4514";3120,741
"4515";3121,128
"4516";3121,519
"4517";3121,892
"4518";3122,279
"4519";3122,67
"4520";3123,058
"4521";3123,444
"4522";3123,822
"4523";3124,223
"4524";3124,61
"4525";3125,001
"4526";3125,388
"4527";3125,775
"4528";3126,167
"4529";3126,554
"4530";3126,945
"4531";3127,346
"4532";3127,738
"4533";3128,126
"4534";3128,513
"4535";3128,919
"4536";3129,307
"4537";3129,712
"4538";3130,086
"4539";3130,487
"4540";3130,864
"4541";3131,265
"4542";3131,652
"4543";3132,044
"4544";3132,431
"4545";3132,85
"4546";3133,238
"4547";3133,625
"4548";3134,017
"4549";3134,39
"4550";3134,796
"4551";3135,183
"4552";3135,57
"4553";3135,947
"4554";3136,32
"4555";3136,74
"4556";3137,127
"4557";3137,514
"4558";3137,891
"4559";3138,293
"4560";3138,68
"4561";3139,071
"4562";3139,458
"4563";3139,846
"4564";3140,252
"4565";3140,639
"4566";3141,031
"4567";3141,417
"4568";3141,811
"4569";3142,199
"4570";3142,572
"4571";3142,963
"4572";3143,365
"4573";3143,752
"4574";3144,144
"4575";3144,545
"4576";3144,936
"4577";3145,309
"4578";3145,71
"4579";3146,116
"4580";3146,517
"4581";3146,909
"4582";3147,296
"4583";3147,697
"4584";3148,102
"4585";3148,489
"4586";3148,882
"4587";3149,27
"4588";3149,675
"4589";3150,063
"4590";3150,451
"4591";3150,857
"4592";3151,244
"4593";3151,635
"4594";3152,008
"4595";3152,41
"4596";3152,816
"4597";3153,216
"4598";3153,604
"4599";3154,01
"4600";3154,397
"4601";3154,803
"4602";3155,176
"4603";3155,577
"4604";3155,996
"4605";3156,389
"4606";3156,762
"4607";3157,162
"4608";3157,582
"4609";3157,983
"4610";3158,388
"4611";3158,775
"4612";3159,181
"4613";3159,554
"4614";3159,941
"4615";3160,347
"4616";3160,762
"4617";3161,168
"4618";3161,542
"4619";3161,929
"4620";3162,348
"4621";3162,75
"4622";3163,141
"4623";3163,531
"4624";3163,936
"4625";3164,324
"4626";3164,716
"4627";3165,117
"4628";3165,504
"4629";3165,91
"4630";3166,283
"4631";3166,703
"4632";3167,105
"4633";3167,506
"4634";3167,897
"4635";3168,285
"4636";3168,704
"4637";3169,105
"4638";3169,493
"4639";3169,899
"4640";3170,314
"4641";3170,706
"4642";3171,112
"4643";3171,513
"4644";3171,902
"4645";3172,308
"4646";3172,695
"4647";3173,1
"4648";3173,501
"4649";3173,921
"4650";3174,308
"4651";3174,723
"4652";3175,143
"4653";3175,531
"4654";3175,936
"4655";3176,351
"4656";3176,771
"4657";3177,172
"4658";3177,564
"4659";3177,986
"4660";3178,372
"4661";3178,774
"4662";3179,166
"4663";3179,594
"4664";3179,986
"4665";3180,387
"4666";3180,779
"4667";3181,181
"4668";3181,582
"4669";3181,974
"4670";3182,39
"4671";3182,777
"4672";3183,197
"4673";3183,598
"4674";3184,006
"4675";3184,421
"4676";3184,812
"4677";3185,22
"4678";3185,635
"4679";3186,027
"4680";3186,442
"4681";3186,848
"4682";3187,235
"4683";3187,636
"4684";3188,028
"4685";3188,416
"4686";3188,835
"4687";3189,237
"4688";3189,643
"4689";3190,058
"4690";3190,459
"4691";3190,865
"4692";3191,266
"4693";3191,67
"4694";3192,085
"4695";3192,478
"4696";3192,869
"4697";3193,288
"4698";3193,69
"4699";3194,094
"4700";3194,482
"4701";3194,883
"4702";3195,288
"4703";3195,675
"4704";3196,066
"4705";3196,467
"4706";3196,854
"4707";3197,246
"4708";3197,633
"4709";3198,034
"4710";3198,424
"4711";3198,812
"4712";3199,227
"4713";3199,624
"4714";3200,011
"4715";3200,412
"4716";3200,804
"4717";3201,191
"4718";3201,578
"4719";3201,998
"4720";3202,384
"4721";3202,785
"4722";3203,163
"4723";3203,565
"4724";3203,953
"4725";3204,358
"4726";3204,759
"4727";3205,147
"4728";3205,478
"4729";3205,94
"4730";3206,331
"4731";3206,735
"4732";3207,122
"4733";3207,527
"4734";3207,914
"4735";3208,32
"4736";3208,707
"4737";3209,108
"4738";3209,486
"4739";3209,887
"4740";3210,288
"4741";3210,68
"4742";3211,081
"4743";3211,469
"4744";3211,846
"4745";3212,247
"4746";3212,649
"4747";3213,054
"4748";3213,455
"4749";3213,758
"4750";3214,236
"4751";3214,623
"4752";3214,996
"4753";3215,388
"4754";3215,789
"4755";3216,195
"4756";3216,596
"4757";3216,969
"4758";3217,342
"4759";3217,733
"4760";3218,12
"4761";3218,521
"4762";3218,913
"4763";3219,3
"4764";3219,687
"4765";3220,078
"4766";3220,466
"4767";3220,853
"4768";3221,26
"4769";3221,647
"4770";3222,048
"4771";3222,411
"4772";3222,841
"4773";3223,214
"4774";3223,619
"4775";3224,02
"4776";3224,425
"4777";3224,812
"4778";3225,214
"4779";3225,592
"4780";3226,007
"4781";3226,394
"4782";3226,799
"4783";3227,186
"4784";3227,587
"4785";3227,992
"4786";3228,367
"4787";3228,759
"4788";3229,159
"4789";3229,56
"4790";3229,952
"4791";3230,339
"4792";3230,739
"4793";3231,131
"4794";3231,532
"4795";3231,919
"4796";3232,324
"4797";3232,711
"4798";3233,112
"4799";3233,503
"4800";3233,891
"4801";3234,278
"4802";3234,668
"4803";3235,083
"4804";3235,476
"4805";3235,85
"4806";3236,27
"4807";3236,671
"4808";3237,044
"4809";3237,464
"4810";3237,837
"4811";3238,238
"4812";3238,629
"4813";3239,002
"4814";3239,403
"4815";3239,892
"4816";3240,443
"4817";3241,174
"4818";3241,706
"4819";3242,037
"4820";3242,498
"4821";3242,761
"4822";3243,153
"4823";3243,582
"4824";3244,001
"4825";3244,347
"4826";3244,78
"4827";3245,153
"4828";3245,455
"4829";3245,842
"4830";3246,346
"4831";3246,789
"4832";3247,209
"4833";3247,684
"4834";3248,029
"4835";3248,286
"4836";3248,602
"4837";3249,124
"4838";3249,539
"4839";3249,889
"4840";3250,234
"4841";3250,48
"4842";3250,867
"4843";3251,17
"4844";3251,529
"4845";3251,915
"4846";3252,563
"4847";3252,907
"4848";3253,154
"4849";3253,756
"4850";3254,301
"4851";3254,692
"4852";3255,008
"4853";3255,311
"4854";3255,698
"4855";3256,1
"4856";3256,287
"4857";3256,762
"4858";3257,231
"4859";3257,502
"4860";3258,21
"4861";3258,639
"4862";3259,23
"4863";3259,576
"4864";3259,976
"4865";3260,326
"4866";3260,54
"4867";3260,987
"4868";3261,332
"4869";3261,631
"4870";3262,036
"4871";3262,423
"4872";3262,856
"4873";3263,127
"4874";3263,444
"4875";3263,789
"4876";3264,194
"4877";3264,599
"4878";3265,289
"4879";3265,648
"4880";3265,965
"4881";3266,226
"4882";3266,786
"4883";3267,061
"4884";3267,331
"4885";3267,822
"4886";3268,228
"4887";3268,671
"4888";3269,048
"4889";3269,393
"4890";3269,71
"4891";3270,153
"4892";3270,544
"4893";3270,973
"4894";3271,599
"4895";3272,056
"4896";3272,345
"4897";3272,69
"4898";3273,067
"4899";3273,366
"4900";3273,888
"4901";3274,317
"4902";3274,722
"4903";3274,992
"4904";3275,57
"4905";3276,059
"4906";3276,302
"4907";3276,633
"4908";3277,207
"4909";3277,903
"4910";3278,22
"4911";3278,626
"4912";3279,131
"4913";3279,564
"4914";3279,909
"4915";3280,412
"4916";3280,687
"4917";3281,144
"4918";3281,619
"4919";3282,053
"4920";3282,468
"4921";3282,859
"4922";3283,148
"4923";3283,666
"4924";3283,936
"4925";3284,37
"4926";3284,687
"4927";3285,149
"4928";3285,466
"4929";3285,737
"4930";3286,228
"4931";3286,703
"4932";3287,296
"4933";3287,743
"4934";3288,074
"4935";3288,489
"4936";3288,895
"4937";3289,358
"4938";3289,759
"4939";3290,323
"4940";3290,827
"4941";3291,187
"4942";3291,588
"4943";3291,919
"4944";3292,278
"4945";3292,828
"4946";3293,229
"4947";3293,622
"4948";3293,981
"4949";3294,485
"4950";3294,9
"4951";3295,273
"4952";3295,604
"4953";3295,865
"4954";3296,313
"4955";3296,77
"4956";3297,105
"4957";3297,437
"4958";3297,908
"4959";3298,313
"4960";3298,844
"4961";3299,175
"4962";3299,637
"4963";3300,071
"4964";3300,535
"4965";3300,983
"4966";3301,37
"4967";3301,846
"4968";3302,247
"4969";3302,653
"4970";3303,054
"4971";3303,446
"4972";3303,832
"4973";3304,266
"4974";3304,653
"4975";3305,054
"4976";3305,446
"4977";3305,834
"4978";3306,221
"4979";3306,613
"4980";3307
"4981";3307,392
"4982";3307,78
"4983";3308,167
"4984";3308,559
"4985";3308,946
"4986";3309,32
"4987";3309,711
"4988";3310,113
"4989";3310,492
"4990";3310,879
"4991";3311,267
"4992";3311,659
"4993";3312,018
"4994";3312,433
"4995";3312,811
"4996";3313,212
"4997";3313,586
"4998";3313,963
"4999";3314,35
"5000";3314,738
"5001";3315,118
"5002";3315,491
"5003";3315,883
"5004";3316,256
"5005";3316,657
"5006";3317,017
"5007";3317,408
"5008";3317,782
"5009";3318,169
"5010";3318,546
"5011";3318,934
"5012";3319,321
"5013";3319,698
"5014";3320,072
"5015";3320,459
"5016";3320,838
"5017";3321,225
"5018";3321,598
"5019";3321,99
"5020";3322,365
"5021";3322,738
"5022";3323,088
"5023";3323,489
"5024";3323,85
"5025";3324,223
"5026";3324,614
"5027";3324,987
"5028";3325,361
"5029";3325,753
"5030";3326,112
"5031";3326,499
"5032";3326,858
"5033";3327,236
"5034";3327,609
"5035";3327,996
"5036";3328,374
"5037";3328,733
"5038";3329,106
"5039";3329,5
"5040";3329,874
"5041";3330,247
"5042";3330,625
"5043";3331,012
"5044";3331,401
"5045";3331,778
"5046";3332,152
"5047";3332,553
"5048";3332,912
"5049";3333,303
"5050";3333,662
"5051";3334,049
"5052";3334,427
"5053";3334,8
"5054";3335,179
"5055";3335,567
"5056";3335,931
"5057";3336,318
"5058";3336,693
"5059";3337,07
"5060";3337,457
"5061";3337,844
"5062";3338,221
"5063";3338,608
"5064";3338,981
"5065";3339,372
"5066";3339,731
"5067";3340,118
"5068";3340,51
"5069";3340,883
"5070";3341,27
"5071";3341,648
"5072";3342,022
"5073";3342,395
"5074";3342,768
"5075";3343,173
"5076";3343,56
"5077";3343,941
"5078";3344,328
"5079";3344,645
"5080";3345,078
"5081";3345,466
"5082";3345,839
"5083";3346,217
"5084";3346,604
"5085";3346,977
"5086";3347,355
"5087";3347,756
"5088";3348,157
"5089";3348,52
"5090";3348,894
"5091";3349,281
"5092";3349,658
"5093";3350,032
"5094";3350,419
"5095";3350,811
"5096";3351,171
"5097";3351,559
"5098";3351,918
"5099";3352,311
"5100";3352,712
"5101";3353,071
"5102";3353,435
"5103";3353,85
"5104";3354,223
"5105";3354,601
"5106";3354,974
"5107";3355,361
"5108";3355,739
"5109";3356,112
"5110";3356,486
"5111";3356,891
"5112";3357,25
"5113";3357,637
"5114";3358,015
"5115";3358,375
"5116";3358,749
"5117";3359,121
"5118";3359,499
"5119";3359,872
"5120";3360,245
"5121";3360,622
"5122";3361,009
"5123";3361,369
"5124";3361,728
"5125";3362,12
"5126";3362,493
"5127";3362,866
"5128";3363,226
"5129";3363,604
"5130";3363,977
"5131";3364,35
"5132";3364,709
"5133";3365,086
"5134";3365,476
"5135";3365,835
"5136";3366,212
"5137";3366,599
"5138";3366,987
"5139";3367,364
"5140";3367,709
"5141";3368,11
"5142";3368,501
"5143";3368,874
"5144";3369,247
"5145";3369,638
"5146";3370,025
"5147";3370,398
"5148";3370,757
"5149";3371,134
"5150";3371,493
"5151";3371,866
"5152";3372,239
"5153";3372,618
"5154";3372,977
"5155";3373,35
"5156";3373,728
"5157";3374,101
"5158";3374,475
"5159";3374,852
"5160";3375,225
"5161";3375,598
"5162";3375,971
"5163";3376,348
"5164";3376,721
"5165";3377,094
"5166";3377,453
"5167";3377,831
"5168";3378,204
"5169";3378,577
"5170";3378,936
"5171";3379,327
"5172";3379,7
"5173";3380,08
"5174";3380,439
"5175";3380,826
"5176";3381,199
"5177";3381,576
"5178";3381,935
"5179";3382,337
"5180";3382,714
"5181";3383,088
"5182";3383,461
"5183";3383,834
"5184";3384,226
"5185";3384,6
"5186";3384,973
"5187";3385,35
"5188";3385,723
"5189";3386,097
"5190";3386,456
"5191";3386,847
"5192";3387,236
"5193";3387,614
"5194";3387,986
"5195";3388,374
"5196";3388,765
"5197";3389,138
"5198";3389,511
"5199";3389,884
"5200";3390,275
"5201";3390,647
"5202";3391,021
"5203";3391,412
"5204";3391,799
"5205";3392,186
"5206";3392,563
"5207";3392,936
"5208";3393,337
"5209";3393,715
"5210";3394,074
"5211";3394,481
"5212";3394,854
"5213";3395,242
"5214";3395,601
"5215";3396,006
"5216";3396,393
"5217";3396,766
"5218";3397,143
"5219";3397,53
"5220";3397,922
"5221";3398,295
"5222";3398,668
"5223";3399,073
"5224";3399,46
"5225";3399,833
"5226";3400,206
"5227";3400,598
"5228";3400,984
"5229";3401,364
"5230";3401,738
"5231";3402,11
"5232";3402,547
"5233";3402,906
"5234";3403,28
"5235";3403,685
"5236";3404,072
"5237";3404,445
"5238";3404,824
"5239";3405,225
"5240";3405,598
"5241";3405,975
"5242";3406,348
"5243";3406,735
"5244";3407,127
"5245";3407,514
"5246";3407,887
"5247";3408,279
"5248";3408,654
"5249";3409,027
"5250";3409,418
"5251";3409,805
"5252";3410,178
"5253";3410,584
"5254";3410,957
"5255";3411,348
"5256";3411,735
"5257";3412,136
"5258";3412,5
"5259";3412,886
"5260";3413,274
"5261";3413,666
"5262";3414,038
"5263";3414,439
"5264";3414,817
"5265";3415,204
"5266";3415,592
"5267";3415,971
"5268";3416,345
"5269";3416,749
"5270";3417,137
"5271";3417,552
"5272";3417,929
"5273";3418,289
"5274";3418,662
"5275";3419,067
"5276";3419,454
"5277";3419,841
"5278";3420,205
"5279";3420,606
"5280";3420,978
"5281";3421,356
"5282";3421,743
"5283";3422,144
"5284";3422,521
"5285";3422,894
"5286";3423,287
"5287";3423,66
"5288";3424,033
"5289";3424,406
"5290";3424,783
"5291";3425,17
"5292";3425,544
"5293";3425,936
"5294";3426,309
"5295";3426,697
"5296";3427,088
"5297";3427,461
"5298";3427,848
"5299";3428,24
"5300";3428,626
"5301";3429,014
"5302";3429,378
"5303";3429,779
"5304";3430,173
"5305";3430,546
"5306";3430,919
"5307";3431,325
"5308";3431,712
"5309";3432,085
"5310";3432,463
"5311";3432,85
"5312";3433,237
"5313";3433,615
"5314";3434,002
"5315";3434,39
"5316";3434,768
"5317";3435,154
"5318";3435,542
"5319";3435,92
"5320";3436,293
"5321";3436,667
"5322";3437,059
"5323";3437,435
"5324";3437,794
"5325";3438,2
"5326";3438,559
"5327";3438,946
"5328";3439,319
"5329";3439,712
"5330";3440,085
"5331";3440,472
"5332";3440,849
"5333";3441,25
"5334";3441,609
"5335";3442,001
"5336";3442,388
"5337";3442,775
"5338";3443,152
"5339";3443,525
"5340";3443,899
"5341";3444,29
"5342";3444,679
"5343";3445,052
"5344";3445,43
"5345";3445,816
"5346";3446,204
"5347";3446,582
"5348";3446,956
"5349";3447,315
"5350";3447,707
"5351";3448,08
"5352";3448,467
"5353";3448,845
"5354";3449,218
"5355";3449,591
"5356";3449,978
"5357";3450,357
"5358";3450,73
"5359";3451,117
"5360";3451,495
"5361";3451,857
"5362";3452,229
"5363";3452,621
"5364";3453,009
"5365";3453,382
"5366";3453,773
"5367";3454,147
"5368";3454,534
"5369";3454,911
"5370";3455,271
"5371";3455,673
"5372";3456,064
"5373";3456,438
"5374";3456,811
"5375";3457,189
"5376";3457,577
"5377";3457,95
"5378";3458,31
"5379";3458,701
"5380";3459,091
"5381";3459,464
"5382";3459,828
"5383";3460,214
"5384";3460,616
"5385";3460,98
"5386";3461,352
"5387";3461,74
"5388";3462,131
"5389";3462,504
"5390";3462,877
"5391";3463,254
"5392";3463,656
"5393";3464,015
"5394";3464,406
"5395";3464,779
"5396";3465,166
"5397";3465,558
"5398";3465,932
"5399";3466,306
"5400";3466,711
"5401";3467,098
"5402";3467,458
"5403";3467,864
"5404";3468,252
"5405";3468,611
"5406";3468,975
"5407";3469,376
"5408";3469,763
"5409";3470,141
"5410";3470,513
"5411";3470,901
"5412";3471,293
"5413";3471,68
"5414";3472,041
"5415";3472,433
"5416";3472,821
"5417";3473,208
"5418";3473,588
"5419";3473,962
"5420";3474,349
"5421";3474,741
"5422";3475,1
"5423";3475,488
"5424";3475,878
"5425";3476,266
"5426";3476,639
"5427";3477,015
"5428";3477,417
"5429";3477,776
"5430";3478,135
"5431";3478,545
"5432";3478,946
"5433";3479,319
"5434";3479,682
"5435";3480,068
"5436";3480,456
"5437";3480,835
"5438";3481,194
"5439";3481,595
"5440";3481,972
"5441";3482,359
"5442";3482,705
"5443";3483,096
"5444";3483,511
"5445";3483,884
"5446";3484,247
"5447";3484,634
"5448";3485,035
"5449";3485,413
"5450";3485,786
"5451";3486,173
"5452";3486,564
"5453";3486,923
"5454";3487,311
"5455";3487,688
"5456";3488,049
"5457";3488,422
"5458";3488,781
"5459";3489,16
"5460";3489,533
"5461";3489,906
"5462";3490,265
"5463";3490,643
"5464";3491,016
"5465";3491,375
"5466";3491,748
"5467";3492,126
"5468";3492,499
"5469";3492,858
"5470";3493,232
"5471";3493,595
"5472";3493,982
"5473";3494,341
"5474";3494,715
"5475";3495,08
"5476";3495,467
"5477";3495,84
"5478";3496,203
"5479";3496,591
"5480";3496,963
"5481";3497,327
"5482";3497,7
"5483";3498,073
"5484";3498,446
"5485";3498,811
"5486";3499,212
"5487";3499,572
"5488";3499,963
"5489";3500,337
"5490";3500,696
"5491";3501,082
"5492";3501,46
"5493";3501,833
"5494";3502,192
"5495";3502,586
"5496";3502,973
"5497";3503,346
"5498";3503,691
"5499";3504,097
"5500";3504,484
"5501";3504,861
"5502";3505,206
"5503";3505,608
"5504";3505,981
"5505";3506,358
"5506";3506,717
"5507";3507,104
"5508";3507,509
"5509";3507,897
"5510";3508,242
"5511";3508,633
"5512";3509,035
"5513";3509,394
"5514";3509,758
"5515";3510,16
"5516";3510,562
"5517";3510,925
"5518";3511,283
"5519";3511,656
"5520";3512,043
"5521";3512,421
"5522";3512,765
"5523";3513,152
"5524";3513,544
"5525";3513,945
"5526";3514,276
"5527";3514,677
"5528";3515,069
"5529";3515,441
"5530";3515,814
"5531";3516,206
"5532";3516,578
"5533";3516,958
"5534";3517,331
"5535";3517,69
"5536";3518,077
"5537";3518,44
"5538";3518,813
"5539";3519,186
"5540";3519,573
"5541";3519,923
"5542";3520,296
"5543";3520,684
"5544";3521,075
"5545";3521,434
"5546";3521,821
"5547";3522,18
"5548";3522,586
"5549";3522,945
"5550";3523,331
"5551";3523,695
"5552";3524,084
"5553";3524,471
"5554";3524,835
"5555";3525,222
"5556";3525,595
"5557";3525,972
"5558";3526,359
"5559";3526,732
"5560";3527,105
"5561";3527,482
"5562";3527,855
"5563";3528,228
"5564";3528,634
"5565";3529,007
"5566";3529,366
"5567";3529,771
"5568";3530,158
"5569";3530,532
"5570";3530,91
"5571";3531,285
"5572";3531,69
"5573";3532,063
"5574";3532,422
"5575";3532,823
"5576";3533,214
"5577";3533,601
"5578";3533,96
"5579";3534,351
"5580";3534,738
"5581";3535,125
"5582";3535,503
"5583";3535,89
"5584";3536,276
"5585";3536,654
"5586";3537,041
"5587";3537,428
"5588";3537,819
"5589";3538,192
"5590";3538,556
"5591";3538,956
"5592";3539,343
"5593";3539,72
"5594";3540,079
"5595";3540,482
"5596";3540,873
"5597";3541,247
"5598";3541,621
"5599";3542,026
"5600";3542,399
"5601";3542,772
"5602";3543,159
"5603";3543,536
"5604";3543,923
"5605";3544,296
"5606";3544,673
"5607";3545,06
"5608";3545,44
"5609";3545,813
"5610";3546,215
"5611";3546,592
"5612";3546,979
"5613";3547,352
"5614";3547,771
"5615";3548,144
"5616";3548,517
"5617";3548,922
"5618";3549,309
"5619";3549,696
"5620";3550,073
"5621";3550,446
"5622";3550,819
"5623";3551,197
"5624";3551,584
"5625";3551,971
"5626";3552,349
"5627";3552,739
"5628";3553,131
"5629";3553,489
"5630";3553,876
"5631";3554,263
"5632";3554,655
"5633";3555,028
"5634";3555,387
"5635";3555,778
"5636";3556,136
"5637";3556,539
"5638";3556,911
"5639";3557,288
"5640";3557,675
"5641";3558,049
"5642";3558,412
"5643";3558,785
"5644";3559,158
"5645";3559,531
"5646";3559,909
"5647";3560,295
"5648";3560,658
"5649";3561,032
"5650";3561,418
"5651";3561,806
"5652";3562,183
"5653";3562,584
"5654";3562,944
"5655";3563,322
"5656";3563,709
"5657";3564,082
"5658";3564,469
"5659";3564,847
"5660";3565,22
"5661";3565,578
"5662";3565,969
"5663";3566,329
"5664";3566,687
"5665";3567,068
"5666";3567,455
"5667";3567,828
"5668";3568,206
"5669";3568,565
"5670";3568,938
"5671";3569,311
"5672";3569,674
"5673";3570,062
"5674";3570,435
"5675";3570,793
"5676";3571,167
"5677";3571,53
"5678";3571,889
"5679";3572,277
"5680";3572,636
"5681";3573,014
"5682";3573,388
"5683";3573,761
"5684";3574,135
"5685";3574,5
"5686";3574,859
"5687";3575,237
"5688";3575,61
"5689";3575,983
"5690";3576,37
"5691";3576,734
"5692";3577,107
"5693";3577,495
"5694";3577,84
"5695";3578,232
"5696";3578,633
"5697";3578,992
"5698";3579,351
"5699";3579,743
"5700";3580,116
"5701";3580,503
"5702";3580,877
"5703";3581,254
"5704";3581,646
"5705";3582,019
"5706";3582,392
"5707";3582,751
"5708";3583,13
"5709";3583,517
"5710";3583,904
"5711";3584,283
"5712";3584,656
"5713";3585,043
"5714";3585,416
"5715";3585,807
"5716";3586,194
"5717";3586,567
"5718";3586,945
"5719";3587,318
"5720";3587,691
"5721";3588,078
"5722";3588,456
"5723";3588,836
"5724";3589,223
"5725";3589,596
"5726";3589,988
"5727";3590,347
"5728";3590,706
"5729";3591,107
"5730";3591,499
"5731";3591,885
"5732";3592,273
"5733";3592,665
"5734";3593,024
"5735";3593,425
"5736";3593,789
"5737";3594,191
"5738";3594,579
"5739";3594,957
"5740";3595,33
"5741";3595,731
"5742";3596,082
"5743";3596,469
"5744";3596,861
"5745";3597,248
"5746";3597,649
"5747";3598,041
"5748";3598,4
"5749";3598,788
"5750";3599,161
"5751";3599,553
"5752";3599,954
"5753";3600,313
"5754";3600,686
"5755";3601,092
"5756";3601,493
"5757";3601,857
"5758";3602,258
"5759";3602,733
"5760";3603,125
"5761";3603,442
"5762";3604,091
"5763";3604,408
"5764";3604,809
"5765";3605,486
"5766";3605,906
"5767";3606,335
"5768";3606,652
"5769";3607,043
"5770";3607,402
"5771";3607,719
"5772";3608,148
"5773";3608,685
"5774";3608,987
"5775";3609,347
"5776";3609,604
"5777";3610,126
"5778";3610,543
"5779";3610,979
"5780";3611,38
"5781";3611,698
"5782";3612,215
"5783";3612,607
"5784";3612,994
"5785";3613,414
"5786";3613,656
"5787";3614,118
"5788";3614,519
"5789";3614,897
"5790";3615,196
"5791";3615,574
"5792";3616,052
"5793";3616,542
"5794";3617,101
"5795";3617,482
"5796";3617,897
"5797";3618,201
"5798";3618,429
"5799";3618,76
"5800";3619,236
"5801";3619,711
"5802";3620,112
"5803";3620,415
"5804";3620,732
"5805";3621,049
"5806";3621,497
"5807";3621,828
"5808";3622,258
"5809";3622,662
"5810";3622,979
"5811";3623,31
"5812";3623,855
"5813";3624,242
"5814";3624,474
"5815";3624,852
"5816";3625,28
"5817";3625,812
"5818";3626,362
"5819";3626,866
"5820";3627,211
"5821";3627,5
"5822";3627,901
"5823";3628,535
"5824";3628,88
"5825";3629,397
"5826";3629,957
"5827";3630,147
"5828";3630,646
"5829";3630,921
"5830";3631,308
"5831";3631,653
"5832";3631,878
"5833";3632,466
"5834";3632,713
"5835";3633,155
"5836";3633,5
"5837";3633,832
"5838";3634,135
"5839";3634,381
"5840";3635,004
"5841";3635,65
"5842";3636,023
"5843";3636,298
"5844";3636,699
"5845";3636,988
"5846";3637,376
"5847";3637,749
"5848";3638,112
"5849";3638,527
"5850";3638,9
"5851";3639,266
"5852";3639,695
"5853";3640,073
"5854";3640,432
"5855";3641,024
"5856";3641,641
"5857";3641,944
"5858";3642,303
"5859";3642,68
"5860";3643,011
"5861";3643,385
"5862";3643,659
"5863";3644,163
"5864";3644,536
"5865";3645,011
"5866";3645,557
"5867";3645,86
"5868";3646,103
"5869";3646,522
"5870";3646,896
"5871";3647,171
"5872";3647,674
"5873";3648,267
"5874";3648,585
"5875";3649,13
"5876";3649,689
"5877";3650,207
"5878";3650,654
"5879";3651,027
"5880";3651,358
"5881";3651,773
"5882";3652,146
"5883";3652,537
"5884";3652,91
"5885";3653,311
"5886";3653,834
"5887";3654,235
"5888";3654,566
"5889";3654,855
"5890";3655,14
"5891";3655,675
"5892";3656,09
"5893";3656,407
"5894";3656,78
"5895";3657,171
"5896";3657,586
"5897";3657,918
"5898";3658,333
"5899";3658,711
"5900";3659,056
"5901";3659,485
"5902";3659,872
"5903";3660,188
"5904";3660,678
"5905";3661,029
"5906";3661,429
"5907";3661,788
"5908";3662,324
"5909";3662,581
"5910";3662,953
"5911";3663,331
"5912";3663,747
